date,usd1_supply_base,usd1_borrow,usdc_supply_base,usdc_borrow,usd1_wlfi_reward,usd1_tvl_defillama,usdc_wlfi_reward,usdc_tvl_defillama
2025-08-26,2.3715,5.9535,3.0273000000000003,7.0256,0.0,2519982,0.0,1923544
2025-08-27,3.1246,6.7971,2.9469,6.9313,0.0,2526371,0.0,1765952
2025-08-28,2.7369999999999997,6.3962,2.826,6.7876,0.0,2495828,0.0,1689777
2025-08-29,2.7151,6.3705,2.9289,6.9107,0.0,2346680,0.0,1821368
2025-08-30,2.8447,6.520099999999999,2.8567,6.8241,0.0,989743,0.0,2793211
2025-08-31,4.1175999999999995,7.760400000000001,2.5245,6.3746,0.0,830616,0.0,2046943
2025-09-01,10.9176,14.9751,3.5187999999999997,7.491299999999999,0.0,2925304,0.0,613206
2025-09-02,7.2808,11.3125,10.9079,15.7854,0.0,5519368,0.0,1290340
2025-09-03,0.6518999999999999,3.1169,3.6510000000000002,7.6644000000000005,0.0,1148319,0.0,203923
2025-09-04,2.4013,5.72,15.5348,20.903,0.0,1040767,0.0,249002
2025-09-05,4.4279,8.1344,8.8365,12.1057,0.0,609156,0.0,546301
2025-09-06,14.4396,19.6205,9.1813,13.5319,0.0,443005,0.0,1107686
2025-09-07,6.7463999999999995,10.0394,5.3223,9.2913,0.0,454974,0.0,1792091
2025-09-08,7.0967,10.299700000000001,3.0422000000000002,7.0268,0.0,643238,0.0,2134465
2025-09-09,6.8754,10.1366,2.2699000000000003,6.0728,0.0,689561,0.0,1887022
2025-09-10,6.2536,9.6646,2.3787,6.2185999999999995,0.0,948329,0.0,188191
2025-09-11,5.4032,8.9817,5.5816,9.7921,0.0,809859,0.0,336325
2025-09-12,5.0682,8.7034,10.1284,13.705,0.0,543577,0.0,731773
2025-09-13,6.1453,9.577,7.1066,10.7499,0.0,894849,0.0,916473
2025-09-14,6.2913,9.6894,5.1789000000000005,9.1871,0.0,837927,0.0,919166
2025-09-15,5.5526,9.110100000000001,4.8907,8.930299999999999,0.0,869963,0.0,825640
2025-09-16,5.53,9.0916,5.0869,9.1046,0.0,879727,0.0,697696
2025-09-17,5.3342,8.9288,5.7157,9.6527,0.0,243426,0.0,362535
2025-09-18,6.8675,10.0877,5.8770999999999995,9.7853,0.0,242878,0.0,609578
2025-09-19,7.979799999999999,10.9214,7.0866999999999996,10.7391,0.0,131279,0.0,553311
2025-09-20,9.9342,13.364799999999999,6.1850000000000005,10.042,0.0,153105,0.0,532081
2025-09-21,20.679100000000002,27.1206,6.7627999999999995,10.5005,0.0,251761,0.0,532450
2025-09-22,11.8324,15.9288,6.7585999999999995,10.4982,0.0,301023,0.0,304007
2025-09-23,7.9094,10.9149,7.7177,11.2136,0.0,250825,0.0,260788
2025-09-24,8.027199999999999,11.0327,8.0066,11.425699999999999,0.0,498745,0.0,357272
2025-09-25,8.516,11.6143,8.122,11.507000000000001,0.0,421332,0.0,765192
2025-09-26,7.1145,10.312000000000001,6.993,10.652000000000001,0.0,467692,0.0,358941
2025-09-27,7.254,10.4123,6.3821,10.1785,0.0,653537,0.0,496861
2025-09-28,6.3899,9.765699999999999,6.947100000000001,10.6332,0.0,700772,0.0,426365
2025-09-29,5.9016,9.3918,6.0841,9.9552,0.0,697558,0.0,476937
2025-09-30,5.8254,9.3316,6.304800000000001,10.1385,0.0,714942,0.0,499625
2025-10-01,5.7103,9.2386,6.0705,9.947799999999999,0.0,671575,0.0,749478
2025-10-02,5.806299999999999,9.316099999999999,6.3141,10.1463,0.0,727930,0.0,836157
2025-10-03,5.876399999999999,9.371699999999999,5.116,9.1335,0.0,187491,0.0,764272
2025-10-04,5.7648,9.2825,4.7614,8.8107,0.0,12735,0.0,942947
2025-10-05,26.3288,33.699400000000004,5.0040000000000004,9.032900000000001,0.0,20845,0.0,965792
2025-10-06,17.3338,22.8787,4.5038,8.5655,0.0,86542,0.0,138126
2025-10-07,27.9098,35.875299999999996,5.4885,9.4202,0.0,15208,0.0,135339
2025-10-08,24.865399999999998,32.1512,16.3136,21.3603,0.0,238353,0.0,425506
2025-10-09,26.612000000000002,34.1035,12.3056,16.880100000000002,0.0,183465,0.0,116892
2025-10-10,11.8105,15.8528,11.6567,16.187,0.0,1413256,0.0,407400
2025-10-11,11.1927,15.5414,10.0033,13.8569,0.0,1032888,0.0,763770
2025-10-12,2.206,5.7356,7.2644,10.875300000000001,0.0,934757,0.0,242232
2025-10-13,2.4409,6.0402,5.6993,9.595099999999999,0.0,936375,0.0,448021
2025-10-14,2.7047000000000003,6.3583,5.8035000000000005,9.7272,0.0,937490,0.0,369580
2025-10-15,2.7052,6.3588000000000005,5.6297,9.5807,0.0,1121382,0.0,991648
2025-10-16,2.7016999999999998,6.3534,4.9919,8.9829,0.0,1112425,0.0,969461
2025-10-17,2.2744,5.830500000000001,3.2446999999999995,7.2737,0.0,1140627,0.0,887363
2025-10-18,2.2967,5.859,3.2521,7.2815,0.0,1141031,0.0,878824
2025-10-19,2.246,5.794,3.4465999999999997,7.4965,0.0,1131372,0.0,569581
2025-10-20,2.2507,5.800000000000001,3.4895,7.5433,0.0,1130398,0.0,872142
2025-10-21,2.2845,5.8435,4.7756,8.8176,0.0,1130592,0.0,920742
2025-10-22,2.2845,5.8435,3.9465,7.9623,0.0,1130458,0.0,1351607
2025-10-23,2.2849,5.8439,2.2172,6.010800000000001,0.0,1158547,0.0,838434
2025-10-24,2.2538,5.8041,1.7000000000000002,5.247,0.0,914786,0.0,748076
2025-10-25,2.6683,6.3068,2.6743,6.6034999999999995,0.0,909999,0.0,500444
2025-10-26,2.8337000000000003,6.508,2.9887,6.981,0.0,893911,0.0,854663
2025-10-27,2.8770000000000002,6.5577,3.8768,7.913,0.0,886435,0.0,1104935
2025-10-28,2.9274,6.6147,3.0695,7.047499999999999,0.0,871115,0.0,1121638
2025-10-29,2.9703,6.6631,1.9781,5.6793000000000005,0.0,871699,0.0,839269
2025-10-30,3.0269,6.726400000000001,2.3556,6.1905,0.0,728892,0.0,799317
2025-10-31,3.4639,7.188,3.0128,7.008699999999999,0.0,752842,0.0,634805
2025-11-01,3.1027,6.8048,3.1502000000000003,7.1634,0.0,607552,0.0,164441
2025-11-02,3.864,7.5825000000000005,5.9085,9.7005,0.0,649240,0.0,146654
2025-11-03,4.3697,8.0807,7.876900000000001,11.3331,0.0,684462,0.0,118067
2025-11-04,4.183,7.9072000000000005,8.1736,11.5451,0.0,832941,0.0,535510
2025-11-05,3.9766000000000004,7.7054,5.9939,9.7621,0.0,1277489,0.0,541766
2025-11-06,2.0362,5.364,4.4673,8.534799999999999,0.0,1480235,0.0,629398
2025-11-07,1.1255,4.0723,4.4585,8.518699999999999,0.0,2505269,0.0,653154
2025-11-08,0.49269999999999997,2.6838,3.4972999999999996,7.5515,0.0,2525267,0.0,628436
2025-11-09,0.3771,2.3704,3.4500999999999995,7.5001999999999995,0.0,2516312,0.0,366886
2025-11-10,0.3657,2.3379,3.6956,7.714,0.0,2598867,0.0,275137
2025-11-11,0.377,2.3737,5.1802,9.1868,0.0,2589655,0.0,279572
2025-11-12,0.3748,2.3668,5.9696,9.8664,0.0,2568588,0.0,391740
2025-11-13,0.3881,2.4085,5.636900000000001,9.5805,0.0,2515870,0.0,386822
2025-11-14,0.41450000000000004,2.4889,4.5325999999999995,8.597100000000001,0.0,2367349,0.0,662113
2025-11-15,0.4064,2.4633,3.8726999999999996,7.9009,0.0,2329614,0.0,665930
2025-11-16,0.43629999999999997,2.5536,2.8661,6.836,0.0,2339264,0.0,850521
2025-11-17,0.48869999999999997,2.7016999999999998,2.8662,6.836499999999999,0.0,2344084,0.0,845484
2025-11-18,0.6147,3.0311999999999997,2.2435,6.0483,0.0,2271584,0.0,852544
2025-11-19,0.6113000000000001,3.0227,2.2329000000000003,6.0339,0.0,2176404,0.0,766696
2025-11-20,0.8585,3.5799,2.2034000000000002,5.994,0.0,2087100,0.0,707670
2025-11-21,0.8702,3.6062,2.3883,6.2334,0.0,2332144,0.0,192330
2025-11-22,1.0475999999999999,3.9469,2.848,6.659800000000001,0.0,2392726,0.0,189721
2025-11-23,0.955,3.7781000000000002,6.4873,10.2852,0.0,2401870,0.0,193098
2025-11-24,0.9273999999999999,3.7231,6.5071,10.3004,0.0,2390792,0.0,49518
2025-11-25,0.935,3.7382999999999997,8.8271,13.0464,0.0,2485758,0.0,192593
2025-11-26,0.8266000000000001,3.512,6.442,10.249,0.0,2457171,0.0,46945
2025-11-27,0.7897,3.4354999999999998,10.1243,14.6315,0.0,2342924,0.0,100386
2025-11-28,0.8946000000000001,3.6555999999999997,9.9636,13.811000000000002,0.0,2319154,0.0,214794
2025-11-29,1.0528,3.9666,7.937900000000001,11.3589,0.0,2315949,0.0,240978
2025-11-30,1.0553,3.9714,6.1777999999999995,10.036100000000001,0.0,2312198,0.0,366291
2025-12-01,1.0737999999999999,4.0061,5.8016,9.7152,0.0,2319331,0.0,588889
2025-12-02,1.0763,4.0108999999999995,3.5439,7.559399999999999,0.0,2191399,0.0,576894
2025-12-03,0.9917,3.85,2.8103,6.7688,0.0,2184444,0.0,225885
2025-12-04,1.0004000000000002,3.8669000000000002,4.4781,8.571900000000001,0.0,2315171,0.0,84773
2025-12-05,0.9567000000000001,3.7726999999999995,8.7094,12.092,0.0,2186725,0.0,197444
2025-12-06,0.7767,3.4068,7.5479,11.0764,0.0,2187503,0.0,235962
2025-12-07,0.8554,3.5755000000000003,5.5708,9.5277,0.0,2186498,0.0,330230
2025-12-08,0.8548,3.5744,5.3511999999999995,9.3378,0.0,2187002,0.0,195584
2025-12-09,0.8542,3.5730999999999997,4.739199999999999,8.7769,0.0,2196938,0.0,171491
2025-12-10,0.8402,3.5436,6.353000000000001,10.177700000000002,0.0,2197031,0.0,345361
2025-12-12,0.8340000000000001,3.5307999999999997,4.2752,8.3495,0.0,2006855,0.0,322385
2025-12-13,1.0866,4.0103,4.3631,8.4343,0.0,2007194,0.0,322345
2025-12-15,1.2235,4.2761000000000005,4.4491000000000005,8.5171,0.0,1941871,0.0,439724
2025-12-16,1.3620999999999999,4.5121,3.4001,7.4148000000000005,0.0,2141069,0.0,388726
2025-12-17,1.2622,4.3414,3.1268,7.1392,0.0,1790049,0.0,393679
2025-12-18,1.3123,4.4235999999999995,3.3603,7.402200000000001,0.0,1788809,0.0,393972
2025-12-19,1.7359,5.0938,3.3507000000000002,7.391699999999999,0.0,1850752,0.0,513163
2025-12-20,1.6159,4.9124,2.9511,6.9236,0.0,1851886,0.0,513659
2025-12-21,1.5346,4.7892,2.6195,6.5355,0.0,1851844,0.0,466761
2025-12-23,1.5341,4.7886999999999995,2.9093999999999998,6.8874,0.0,1832392,0.0,457461
2025-12-24,1.5433000000000001,4.8028,2.9211,6.9012,0.0,1756566,0.0,528494
2025-12-25,1.6795,5.0088,2.7595,6.7051,0.0,1756574,0.0,657254
2025-12-26,1.7632999999999999,5.1338,2.4233000000000002,6.279,0.0,1581387,0.0,793137
2025-12-27,2.0018000000000002,5.4695,1.8123,5.4359,0.0,1532023,0.0,787594
2025-12-28,2.3662,5.9463,1.5738999999999999,5.0652,0.0,1924658,0.0,729479
2025-12-29,1.9801,5.4235999999999995,1.6039999999999999,5.1139,0.0,1833187,0.0,706144
2025-12-30,1.7282,5.0823,1.7736999999999998,5.3777,0.0,1774994,0.0,503286
2025-12-31,1.8728000000000002,5.2901,2.0833,5.8064,0.0,1765457,0.0,760681
2026-01-01,1.9716,5.4286,1.9745,5.6506,0.0,1766501,0.0,428788
2026-01-02,1.9946,5.46,1.9325999999999999,5.6095,0.0,1612717,0.0,404202
2026-01-03,2.0745,5.5645,3.1148,7.1263000000000005,0.0,1611654,0.0,226406
2026-01-04,2.4193,6.0135000000000005,4.1377,8.2117,0.0,1598690,0.0,346785
2026-01-05,2.4328,6.0302,3.9577,8.0241,0.0,1583221,0.0,735070
2026-01-06,2.4941,6.1058,3.6366,7.6842999999999995,0.0,1609448,0.0,683500
2026-01-07,2.4563,6.0593,2.1017,5.8539,0.0,1601203,0.0,747028
2026-01-08,2.481,6.0896,2.1859,5.9689,0.0,1601014,0.0,742758
2026-01-10,2.4099,5.896599999999999,1.8370000000000002,4.7942,0.0,1593437,0.0,454294
2026-01-11,1.3629,3.3333000000000004,1.6586,3.6759,0.0,1595763,0.0,454324
2026-01-12,1.369,3.3408,1.6098999999999999,3.6228000000000002,0.0,17792739,0.0,88837
2026-01-13,1.0206,2.6436,2.0766,4.0495,0.0,20911809,0.0,234704
2026-01-14,0.1862,1.0696,4.3206,6.4363,0.0,22286773,0.0,268861
2026-01-15,0.5059,2.0303,6.320399999999999,8.5908,0.0,107661851,0.0,420326
2026-01-16,0.6114999999999999,2.2002,4.8617,6.7192,0.0,105820488,0.0,681451
2026-01-17,0.1106,0.9443999999999999,3.6261,5.4321,0.0,101727662,0.0,510862
2026-01-18,0.1492,1.1015000000000001,3.9063,5.6434,0.0,101498983,0.0,448804
2026-01-19,0.1824,1.2189999999999999,3.9440999999999997,5.6705,0.0,98497181,0.0,576393
2026-01-20,0.2271,1.3598000000000001,3.9190000000000005,5.6511,0.0,27279014,0.0,15706681
2026-01-21,0.9415,2.3055,3.4885,5.3295,0.0,31899077,0.0,15644580
2026-01-22,3.1458,5.0636,3.7448,5.5255,0.0,28474937,0.0,11900377
2026-01-23,3.0526,4.9855,3.8729,5.616899999999999,0.0,18490608,0.0,20684276
2026-01-24,3.6452999999999998,5.4508,3.5534999999999997,5.3805,0.0,20502776,0.0,17016916
2026-01-25,3.855,5.6059,3.4652000000000003,5.3145999999999995,0.0,20547525,0.0,16828472
2026-01-26,3.7217000000000002,5.5084,3.6533999999999995,5.4576,0.0,26965482,0.0,12765435
2026-01-27,3.4771000000000005,5.3237,3.8538,5.6046,0.0,28210991,0.0,12716680
2026-01-28,3.3196999999999997,5.2024,4.0196000000000005,5.7247,0.0,29245369,0.0,12004204
2026-01-29,3.2786000000000004,5.1701,4.0391,5.7385,0.0,28341356,0.0,8877075
2026-01-30,3.2236000000000002,5.126399999999999,4.2094,5.8578,0.0,33720601,0.0,8120142
2026-01-31,3.1286,5.0497,4.5345,6.1695,0.0,32920495,0.0,8781474
2026-02-01,3.0789,5.0102,4.4329,6.0388,0.0,33975492,0.0,9327618
2026-02-02,3.0343999999999998,4.9738,4.5823,6.270100000000001,0.0,25859219,0.0,16463772
2026-02-03,3.2069,5.1110999999999995,3.94,5.6651,0.0,25712323,0.0,16154212
2026-02-04,3.4434,5.2985,3.7626,5.5386,0.0,26152926,0.0,16060210
2026-02-05,3.3017,5.1879,3.7762,5.5486,0.0,27126968,0.0,16173341
2026-02-06,3.3368,5.215800000000001,3.7971999999999997,5.564,0.0,27376188,0.0,14651414
2026-02-07,3.3284000000000002,5.2092,3.8876,5.6298,0.0,29428323,0.0,15956715
2026-02-08,3.2888,5.1781,3.8662,5.6143,0.0,43268911,0.0,5130150
2026-02-09,3.0993,5.0235,5.4389,7.6045,0.0,40795853,0.0,9683874
2026-02-10,2.6536,4.6507,9.6913,12.6473,0.0,41242244,0.0,8043966
2026-02-11,2.7912,4.770300000000001,5.3561,7.2528999999999995,0.0,45846880,0.0,8823755
2026-02-12,2.6950000000000003,4.6872,5.3773,7.2669,0.0,50206484,0.0,8453473
2026-02-13,2.5346,4.5457,5.3138,7.1883,0.0,49873511,0.0,11097530
2026-02-14,2.4491,4.4684,4.817699999999999,6.5383,0.0,50859301,0.0,11221153
2026-02-15,2.4364,4.4569,4.2386,5.8785,0.0,54393796,0.0,11405185
2026-02-16,2.393,4.417,4.1718,5.832,0.0,57453839,0.0,11046516
2026-02-17,2.3215,4.3505,4.1933,5.8471,0.0,56554872,0.0,13048121
2026-02-18,2.2578,4.290299999999999,4.1777,5.8359000000000005,0.0,53473341,0.0,15977999
2026-02-19,2.2923999999999998,4.3229999999999995,3.9962999999999997,5.7075000000000005,0.0,57666109,0.0,12340161
2026-02-20,2.2977000000000003,4.328,4.0576,5.7512,0.0,47018609,0.0,11747543
2026-02-21,2.2067,4.2374,4.1467,5.8219,0.0,48274513,0.0,13393882
2026-02-22,2.8863,4.8508000000000004,4.0344999999999995,5.7352,0.0,48357212,0.0,13445749
2026-02-23,2.7933,4.7721,4.0550999999999995,5.7499,0.0,49774318,0.0,12468005
2026-02-24,2.8036,4.7804,4.1227,5.7977,0.0,53644587,0.0,12435051
2026-02-25,2.7142,4.7039,4.1318,5.804,0.0,59236634,0.0,12479517
2026-02-26,2.6026000000000002,4.606,4.137,5.8076,0.0,57225558,0.0,12516337
2026-02-27,2.4922,4.5076,4.1335999999999995,5.8052,0.0,52626202,0.0,13681996
2026-02-28,2.6167,4.6185,4.1109,5.7892,0.0,60386752,0.0,12641398
2026-03-01,2.532,4.5428999999999995,4.0624,5.7551,0.0,59881532,0.0,11991826
2026-03-02,2.4625,4.4805,4.0984,5.7801,0.0,57733218,0.0,16296940
2026-03-03,2.4607,4.4787,3.9806,5.6965,0.0,50893180,0.0,11484852
2026-03-04,2.5737,4.5804,4.2041,5.8541,0.0,52243226,0.0,8882460
2026-03-05,2.6477,4.646,4.5692,6.2225,0.0,65885898,0.0,9614008
2026-03-06,2.3576,4.3834,4.3039000000000005,5.9234,0.0,62995868,0.0,12324395
2026-03-07,2.2875,4.3184000000000005,4.234999999999999,5.8758,0.0,62760743,0.0,12479084
2026-03-08,2.3485,4.3757,4.1502,5.8168999999999995,0.0,64120176,0.0,12253638
2026-03-09,2.3168,4.3461,4.1531,5.818700000000001,0.0,66290453,0.0,14873710
2026-03-10,2.2864,4.3174,4.0032,5.7120999999999995,0.0,65997609,0.0,14877472
2026-03-11,2.2667,4.2988,3.9787000000000003,5.6955,0.0,69630241,0.0,13972071
2026-03-12,2.2381,4.2715000000000005,4.0151,5.7214,0.0,70657860,0.0,13969699
2026-03-13,2.1633,4.1997,4.048100000000001,5.7448,0.0,70727494,0.0,9730391
2026-03-14,2.1616,4.198,4.2694,5.899,0.0,70814865,0.0,9671701
2026-03-15,2.1597,4.1960999999999995,4.3598,5.962,0.0,70976772,0.0,9535384
2026-03-16,2.1559,4.1924,4.3692,5.9684,0.0,68438146,0.0,9173700
2026-03-17,2.1946,4.229900000000001,4.388,5.981199999999999,0.0,69598485,0.0,10616334
2026-03-18,2.1919,4.2273,4.419300000000001,6.0181,0.0,70444372,0.0,11631599
2026-03-19,2.2133,4.2478,4.343,5.96,0.0,70110990,0.0,11815013
2026-03-20,2.2192,4.2536,4.242900000000001,5.8815,0.0,76713127,0.0,6545840
2026-03-21,2.04,4.0779000000000005,10.2165,13.4651,0.0,76238364,0.0,9429254
2026-03-22,2.0721,4.1101,5.5319,7.4624999999999995,0.0,76811386,0.0,9423050
2026-03-23,2.0858000000000003,4.1232,4.734,6.4223,0.0,74851984,0.0,10354779
2026-03-24,2.0909,4.128699999999999,4.5539000000000005,6.1943,0.0,74871555,0.0,11758083
2026-03-25,2.1247,4.162,4.293,5.9159999999999995,0.0,74186631,0.0,11679774
2026-03-26,2.1281000000000003,4.1653,4.3004,5.9212,0.0,77003031,0.0,10090774
2026-03-27,2.0869,4.1247,4.3118,5.929,0.0,76516485,0.0,8311370
2026-03-28,2.0859,4.1239,5.1903,7.021800000000001,0.0,77252222,0.0,8685464
2026-03-29,2.0771,4.1151,6.6447,8.9332,0.0,81624376,0.0,7179039
2026-03-30,2.0308,4.0687,8.3079,11.0525,0.0,81094016,0.0,8353720
2026-03-31,1.9825,4.020300000000001,8.5052,11.3323,0.0,79572502,0.0,9219655
2026-04-01,1.9536000000000002,3.9905999999999997,7.0629,9.4665,0.0,79022498,0.0,9059461
2026-04-02,1.9662,4.0038,4.5423,6.1683,0.0,35243887,0.0,8794507
2026-04-03,2.0523,4.077299999999999,5.1012,6.9092,0.0,34400366,0.0,8986392
2026-04-04,3.5975,5.415699999999999,5.0127999999999995,6.790699999999999,0.0,34543958,0.0,8975040
2026-04-05,3.626,5.4372,4.973000000000001,6.7388,0.0,36332240,0.0,8701966
2026-04-06,3.5913,5.411,5.0464,6.836,0.0,37093586,0.0,7186868
2026-04-07,3.5513999999999997,5.3809000000000005,5.5658,7.521,0.0,6636478,0.0,5235421
2026-04-08,6.494700000000001,8.9464,6.5876,8.8921,0.0,12411327,0.0,8960971
2026-04-09,16.267200000000003,20.721700000000002,10.315299999999999,13.5135,0.0,23141132,0.0,10924875
2026-04-10,5.1046000000000005,6.9989,5.9658999999999995,8.0363,0.0,30850621,0.0,12057356
2026-04-11,3.9933000000000005,5.7043,4.2700000000000005,5.9001,0.0,37205628,0.0,13365907
2026-04-12,3.4602,5.311,4.2075000000000005,5.8568,0.0,31083095,0.0,14114314
2026-04-13,3.5176,5.355,4.0868,5.772200000000001,0.0,20135592,0.0,10108687
2026-04-14,3.7948000000000004,5.5605,4.1324,5.804200000000001,0.0,33042567,0.0,18484776
2026-04-15,3.6178000000000003,5.43,3.9795999999999996,5.6947,0.0,37011530,0.0,20153643
2026-04-16,3.4964000000000004,5.339,3.7068999999999996,5.4974,0.0,15120409,0.0,20914275
2026-04-17,3.6238,5.4261,3.5784999999999996,5.4011000000000005,0.0,25402512,0.0,28247431
2026-04-18,3.9765,5.6930000000000005,3.3369999999999997,5.2151000000000005,0.0,23475981,0.0,22865405
2026-04-19,3.8384,5.593999999999999,3.4414,5.2968,0.0,7260568,0.0,11646706
2026-04-20,8.668800000000001,11.5119,4.0651,5.753699999999999,0.0,898194,0.0,7660928
2026-04-21,22.8182,28.6447,4.5206,6.2127,0.0,9613539,0.0,9976701
2026-04-22,16.9053,21.6495,6.3433,8.5344,9.85592,15132689,6.30499,13579731
2026-04-23,6.5248,8.766,4.24,5.8792,8.544,20846520,6.50076,13353130
2026-04-24,4.1532,5.8187999999999995,4.0516000000000005,5.7477,8.79984,17806994,6.00223,12391083
2026-04-25,4.1048,5.7847,4.1029,5.7835,8.6752,18036969,6.05055,12238520
2026-04-26,4.2027,5.8536,4.2004,5.852,7.95921,23154409,5.92531,12511050
2026-04-27,4.0571,5.7508,4.1983,5.8505,7.34815,24948903,5.11434,16203515
2026-04-28,3.8916,5.6326,4.0457,5.743,7.47522,25765302,4.12243,21399673
2026-04-29,3.8626,5.6117,3.8749,5.6201,6.2007,39250903,4.3737,12986691
2026-04-30,3.6355,5.4409,3.8083,5.5696,6.61199,33100686,4.07403,13098952
2026-05-01,3.4132000000000002,5.2748,4.117,5.7931,5.74456,30669067,4.21838,12813161
2026-05-02,3.4943,5.3372,4.0408,5.7394,6.06864,28386386,4.75389,19078008
2026-05-03,3.6303,5.4402,4.154,5.8195,6.3645,28546075,3.9543,19166405
2026-05-04,3.6826,5.4794,3.7668,5.5416,6.13512,35494726,3.65494,23426727
2026-05-05,3.4122,5.273499999999999,3.65,5.4543,5.93324,38850999,3.78284,23295353
2026-05-06,3.3382,5.2166999999999994,3.5027000000000004,5.3439,5.763,43978709,3.86257,21827147
2026-05-07,3.1722,5.0852,3.5665000000000004,5.3923,6.69464,39326629,4.04202,23121357
2026-05-08,3.2510999999999997,5.1484000000000005,3.6020000000000003,5.4190000000000005,6.19227,46689079,4.35928,21871067
2026-05-09,3.0993,5.0263,3.5797000000000003,5.4023,5.63471,47387854,4.05743,24214698
2026-05-10,3.0107,4.9544,3.5261,5.3615,5.41801,48887378,3.82482,25266665
2026-05-11,2.9947999999999997,4.9413,3.4102,5.2728,5.12572,50474824,3.98412,21996505
2026-05-12,2.9274999999999998,4.8854,3.514,5.3523000000000005,5.94898,49195508,6.85378,18644314
2026-05-13,2.9493,4.9036,3.7157999999999998,5.5039,6.35418,43262406,6.30342,21149183
2026-05-14,3.0288,4.9691,3.6184000000000003,5.4312,6.73459,39769196,5.21499,29972160
2026-05-15,3.2113000000000005,5.1165,3.4987999999999997,5.339,6.26622,40708324,4.06022,34911329
2026-05-16,3.2379,5.1378,3.0279,4.9679,5.98118,38881042,4.20632,31943058
2026-05-17,3.2127000000000003,5.1177,3.005,4.949,5.85237,39153558,4.21206,30628069
2026-05-18,3.2751,5.1673,3.0808,5.0116000000000005,6.04523,38421935,4.42193,30893852
2026-05-19,3.2807999999999997,5.1719,3.1376,5.057799999999999,5.69643,39841656,4.46119,28698700
2026-05-20,3.2495000000000003,5.1471,3.1147,5.0392,6.40807,34688829,4.67745,29645598
2026-05-21,3.4157,5.2769,3.1912000000000003,5.1007,6.83302,28859123,4.95105,28271064
2026-05-22,3.6757,5.4743,3.2034,5.1105,6.81172,25651787,4.87218,28441823
2026-05-23,3.8014,5.567,3.2169999999999996,5.1213,6.57887,30425869,4.99376,28866448
2026-05-24,3.6893000000000002,5.4841,3.2077,5.114,5.87547,37998305,5.01832,26437720
2026-05-25,3.3574,5.2314,3.2857,5.1756,5.56656,42984090,5.02312,26846126
2026-05-26,3.2060999999999997,5.1124,3.312,5.196400000000001,4.95715,46994224,5.06407,23435933
2026-05-27,3.0588,4.9937000000000005,3.386,5.2538,5.21853,46172309,6.51911,17400380
2026-05-28,3.0349,4.9742,3.7657999999999996,5.5398000000000005,5.12825,46199190,7.13362,16107156
2026-05-29,3.0313,4.9713,4.1685,5.8648,5.68283,36917404,6.08743,20205689
2026-05-30,3.2708,5.1636,3.7714999999999996,5.5445,5.81648,37687134,5.47335,21605520
2026-05-31,3.3201,5.2027,3.6569,5.4601,5.83446,41777408,5.22569,23066257
2026-06-01,3.3168999999999995,5.2002,3.535,5.3685,5.55683,44915090,4.68359,25923134
2026-06-02,3.1241000000000003,5.0466999999999995,3.3927,5.2589999999999995,5.73009,42375850,6.21504,21646500
2026-06-03,3.0524,4.9885,3.6193999999999997,5.4309,7.75063,41294744,5.36384,5055205
2026-06-04,3.1812,5.092300000000001,7.8245,10.3906,6.55867,32498387,4.31739,30668162
2026-06-05,3.2321999999999997,5.132099999999999,5.461,7.8726,6.50855,30910206,4.6194,27462392
2026-06-06,3.5517,5.3851,3.2389,5.1384,6.46193,28969482,4.29875,28459602
2026-06-07,3.5818000000000003,5.4038,3.2286,5.1305000000000005,6.47426,28940961,4.86293,24789056
2026-06-08,3.6279,5.4386,3.2925000000000004,5.1808,6.71328,29624355,4.34291,29715168
2026-06-09,3.6144000000000003,5.4284,3.2821000000000002,5.1722,6.81041,25134211,4.84113,24669858
2026-06-10,3.6428000000000003,5.4495000000000005,3.2800999999999996,5.1708,7.94192,23025766,5.48821,21295474
2026-06-11,3.8016,5.5671,3.4917,5.3349,8.13694,23916408,5.62749,18378852
2026-06-12,3.9024,5.640499999999999,3.759,5.5356000000000005,7.2795,25603766,4.52698,27050439
2026-06-13,3.7563,5.533799999999999,3.7091,5.4953,7.40171,23472354,5.1239,26253257
2026-06-14,3.6889,5.482,3.3777,5.2469,9.13959,10957585,4.52062,32341174
2026-06-15,4.8176,6.6805,3.2193,5.1214,8.80879,9754993,4.9141,34229792
2026-06-16,8.856,11.777999999999999,2.9855,4.933400000000001,4.40152,49497101,4.96336,32513600
2026-06-17,5.209,7.3287,3.0235000000000003,4.9649,11.04285,51616640,6.5421,22531020
2026-06-18,2.8935,4.8568,3.2793,5.1676,10.87449,46695828,6.23782,25361905
2026-06-19,2.9902,4.9373000000000005,3.4302,5.2878,10.86692,47009611,5.38234,30280630
2026-06-20,3.074,5.006200000000001,3.1895,5.0988999999999995,10.02111,48523306,4.87832,32813159
2026-06-21,3.0439000000000003,4.9816,3.091,5.0198,9.89787,50968560,5.01706,32726390
2026-06-22,3.0014,4.9467,2.9903,4.937600000000001,7.15616,75911804,5.3491,26952271
2026-06-23,2.5748,4.575,3.1441999999999997,5.0623000000000005,5.60812,95021891,5.30603,26396570
2026-06-24,2.048,4.0831,3.3221,5.2043,5.64593,92456386,5.07705,26786725
2026-06-25,1.989,4.0268999999999995,3.2879,5.1774000000000004,5.78092,90620534,5.66247,24762689
2026-06-26,1.9994999999999998,4.0375000000000005,3.3456,5.2226,5.77257,89771698,5.39961,25581270
2026-06-27,2.0198,4.0579,3.3661999999999996,5.238700000000001,5.79749,89959344,5.31315,25608005
2026-06-28,2.0425,4.0807,3.3371999999999997,5.2161,5.779,89829351,5.42043,24791199
2026-06-29,2.0233999999999996,4.0615,3.3625000000000003,5.2358,9.18122,91598885,5.89768,23282242
2026-06-30,2.0415,4.0797,3.3781,5.2479,8.40729,96156212,5.50479,22964185
2026-07-01,1.9845000000000002,4.0223,3.4800999999999997,5.3267,8.34081,98303766,5.33444,24152453
2026-07-02,1.9508,3.988,3.4314999999999998,5.2893,8.00354,104282615,5.23339,24748928
2026-07-03,1.8896,3.9249,3.4326000000000003,5.2902,7.83397,104660399,4.9591,25724476
2026-07-04,1.8009000000000002,3.8316999999999997,3.3617,5.2352,7.38801,111091127,4.96669,25588269
2026-07-05,1.7437999999999998,3.7703,3.3633999999999995,5.2366,7.61334,112807599,5.10947,25868316
2026-07-06,1.6830999999999998,3.7043,3.3259999999999996,5.2074,5.83658,142325727,4.84776,26957875
2026-07-07,1.4242,3.4035,3.3343,5.2138,5.96889,137347517,4.94669,26624974
2026-07-08,1.3629,3.3332,3.3002999999999996,5.1871,5.9998,136939397,4.67717,28230674
2026-07-09,1.3939,3.3710999999999998,3.2931000000000004,5.1815,6.07506,135824242,5.17855,25639877
2026-07-10,1.4043,3.3836999999999997,3.3237,5.2054,6.28134,131293566,4.97094,26970890
2026-07-11,1.4195,3.4018,3.3779000000000003,5.2476,6.28544,132560582,4.99155,27198735
2026-07-12,1.4467,3.4343,3.2697999999999996,5.1632,6.15447,132457363,4.59642,28982088
2026-07-13,1.4435,3.4305000000000003,3.1513,5.068700000000001,6.10199,133133991,4.63094,28966057
2026-07-14,1.4409999999999998,3.4276,3.1870000000000003,5.0973999999999995,6.14843,132523840,4.63633,28728088
2026-07-15,1.4393,3.4256,3.1832,5.0943000000000005,6.41292,127530319,4.34731,30338131
2026-07-16,1.4848,3.4791999999999996,3.2126,5.1177,6.42285,127298113,4.45623,29385669
2026-07-17,1.5039,3.5016,3.1569,5.0732,6.06925,133248113,4.39685,29204877
2026-07-18,1.4823,3.4762,3.1709,5.0845,6.03795,133296270,4.48482,29062415
2026-07-19,1.4449999999999998,3.4323,3.1855,5.0962,6.11864,133367799,4.54341,28655952
2026-07-20,1.4409,3.4274,3.1916,5.1011,5.99263,132878518,4.39702,29329307
2026-07-21,1.4313,3.4160999999999997,3.1737,5.0866,5.93315,133593930,4.46538,28399929
2026-07-22,1.4326999999999999,3.4177,3.1738000000000004,5.0869,5.8813,134438326,4.40701,28662400
2026-07-23,1.4229,3.4059,3.1958,5.1044,6.09151,133086258,4.50629,28820296
2026-07-24,1.4299,3.4143,3.1994000000000002,5.1072,5.89745,135887135,4.47705,28739936
2026-07-25,1.4242,3.4075,3.1857,5.0964,5.77635,135641257,4.31718,30457486
2026-07-26,1.4137,3.3949,3.1757,5.088299999999999,5.70361,135298901,4.1302,31046303
2026-07-27,1.4147,3.3960999999999997,3.0585,4.9935,5.70362,135268550,4.12841,31417642
2026-07-28,1.4166,3.3984,3.105,5.0313,5.69001,135583168,4.02047,31880771
2026-07-29,1.4155,3.3970000000000002,3.0613,4.9958,5.99868,130991727,4.5606,27900669
2026-07-30,1.4319,3.4166000000000003,3.168,5.0819,5.9589,130894842,4.49977,31209635
2026-07-31,1.4612999999999998,3.4516,3.1896,5.0991,5.93596,129490996,3.98547,31786260
2026-08-01,1.4657,3.4568000000000003,3.064,4.9981,5.9918,128980626,3.99043,32252565
2026-08-02,1.4805000000000001,3.4742,3.0328,4.9725,6.11731,128872310,4.06294,32173952
2026-08-03,1.4839,3.4781,3.0259,4.9668,6.10745,126382361,4.20574,27916796
2026-08-04,1.4989000000000001,3.4958000000000005,3.0629,4.9969,6.06273,126717704,3.93451,30118083
2026-08-05,1.5209000000000001,3.5213,3.2316,5.1329,6.09541,124382231,4.04994,28509010
2026-08-06,1.5302,3.5319999999999996,3.1933000000000002,5.1024,5.95826,124143800,4.02236,28322996
2026-08-07,1.5483,3.5527999999999995,3.2523000000000004,5.149299999999999,5.89435,123287097,4.02659,27258806
2026-08-08,1.5564,3.5621,3.2878,5.1774000000000004,5.86178,122999233,3.88459,28097587
2026-08-09,1.5610000000000002,3.5673999999999997,3.2817,5.1726,6.03925,123466465,4.03856,28146741
2026-08-10,1.5612,3.5677,3.2622999999999998,5.1572,6.34811,122384548,4.2067,27186573
2026-08-11,1.5568,3.5625999999999998,3.2743,5.1666,6.23213,124356817,4.43941,25602129
2026-08-12,1.5495999999999999,3.5543,3.3529000000000004,5.2283,6.24906,124383098,4.46887,25285793
2026-08-13,1.541,3.5444999999999998,3.4011,5.2658000000000005,6.25358,124307795,4.23778,26868131
2026-08-14,1.542,3.5457,3.3457,5.222700000000001,6.22048,100634832,4.13454,27601776
2026-08-15,1.7202,3.7359999999999998,3.2799,5.1712,6.4647,100904487,4.12755,28997029
2026-08-16,2.0742,4.1122,3.2594,5.1548,6.60143,101096779,4.26557,30816690
2026-08-17,2.0772,4.1152,3.1933000000000002,5.1023,6.6569,102922006,4.37205,30376312
2026-08-18,2.0709999999999997,4.109,3.1488,5.0667,6.62791,103282829,4.40096,29803522
2026-08-19,2.0495,4.0876,3.1745,5.0873,6.71876,103473318,4.543,29674473
2026-08-20,2.0482,4.086399999999999,3.1843000000000004,5.0952,6.7327,103147452,4.38195,30046771
2026-08-21,2.0484,4.0866,3.1552,5.0719,6.97306,103287898,4.95637,27091044
2026-08-22,2.0551,4.0932,3.2736,5.1659999999999995,6.55412,102973135,4.56386,26395947
2026-08-23,2.0572,4.0953,3.3255,5.2069,6.59842,102935124,4.39446,27753838
2026-08-24,2.0349,4.0731,3.2915,5.1802,6.36036,103940083,4.16949,28550479
2026-08-25,2.0442,4.0823,3.2776,5.169300000000001,6.43163,103926486,4.27806,28080476
2026-08-26,2.0318,4.07,3.2392999999999996,5.1391,6.38811,105002866,4.11236,29560967
2026-08-27,2.0235,4.0617,3.2023,5.1096,6.5469,103584446,4.25338,29460762
2026-08-28,2.0299,4.0681,3.2048,5.1116,6.14803,102983030,4.06732,32253322
2026-08-29,2.0699,4.108,3.1559999999999997,5.0724,6.10585,103883299,4.17456,31420799
2026-08-30,2.0798,4.1178,3.1098,5.0353,6.1111,103979469,4.11934,30777742
2026-08-31,2.0774,4.1154,3.1583,5.0743,6.22146,99523719,4.07804,33184281
2026-09-01,2.1102,4.1476,3.1219,5.0449,6.2329,98351728,4.04537,31942603
2026-09-02,2.1575,4.194,3.0738000000000003,5.006,6.26172,97816911,4.05815,30381543
2026-09-03,2.1694999999999998,4.2056000000000004,3.1452,5.0637,6.40928,96969672,4.20475,30691664
2026-09-04,2.1788,4.2146,3.1864000000000003,5.0969,6.2869,96791578,4.11412,30847315
2026-09-05,2.1917,4.2271,3.1839,5.0949,6.40334,98107734,3.77098,33603695
2026-09-06,2.1808,4.216600000000001,3.1078,5.0333000000000006,6.33619,98228184,3.98886,30899938
2026-09-07,2.1608,4.1972000000000005,3.1531000000000002,5.0702,6.23175,99212620,3.95754,30897269
2026-09-08,2.1504,4.1871,3.1510000000000002,5.0685,6.23792,99147779,4.16327,29349270
2026-09-09,2.1343,4.1714,3.1825,5.0938,6.18778,98921713,4.06363,29668289
2026-09-10,2.1428,4.1797,3.218,5.1221000000000005,6.27088,98934440,4.0377,29771172
2026-09-11,2.1456,4.1824,3.1837999999999997,5.0948,6.14102,96119527,3.79876,31064106
2026-09-12,2.1862,4.2218,3.1743,5.0872,6.50365,96467304,3.87128,32502807
2026-09-13,2.1946,4.229900000000001,3.1012999999999997,5.0283,6.3724,93598597,3.77164,32755788
2026-09-14,2.2396,4.273,3.0947,5.023,6.42049,95338209,3.74753,33477865
2026-09-15,2.2373,4.270899999999999,3.0652,4.999,6.29677,97397048,4.26681,28482327
2026-09-16,2.1987,4.2338000000000005,3.1128,5.0373,5.66619,101357518,4.98264,24069035
2026-09-17,2.2013000000000003,4.2363,3.2487000000000004,5.1465,5.37951,101793438,5.05239,24035012
2026-09-18,2.2534,4.2860000000000005,3.4972000000000003,5.3397,5.60188,98562130,4.0427,31669568
2026-09-19,2.2846,4.3158,3.4271000000000003,5.2849,5.59949,97443411,4.02615,31205075
2026-09-20,2.3304,4.3588000000000005,3.1523000000000003,5.0695,5.65662,95990020,4.05054,31171084
2026-09-21,2.3512,4.3782000000000005,3.1489000000000003,5.0668,5.00247,94557384,4.03135,30534922
2026-09-22,2.3943,4.4174,3.1517000000000004,5.0691,5.13554,93887395,4.08617,30608708
2026-09-23,2.4916,4.507,3.1619,5.0773,4.91334,90625418,3.53732,33345269
2026-09-24,2.5382,4.549,3.1473,5.0653999999999995,5.15123,89110429,4.08777,29197280
2026-09-25,2.5606,4.569,3.1603,5.0754,5.21424,88955503,4.06911,29988627
2026-09-26,2.5817,4.5878000000000005,3.2162,5.1206000000000005,5.4294,86696466,4.05188,30819122
2026-09-27,2.6125,4.6151,3.1746999999999996,5.0874999999999995,5.43662,86636377,4.01257,30970400
2026-09-28,2.6281,4.6289,3.17,5.0837,5.22573,86954383,3.78337,31855482
2026-09-29,2.6243,4.6255,3.1521,5.0694,5.14928,89720010,3.82802,31445331
