owner,account,wlfi_collateral_usd,wlfics_collateral_usd,other_collateral_usd,usd1_debt_usd,usdc_debt_usd,other_debt_usd,adj_wlfi,adj_other,adj_debt
0x5be9a4959308a0d0c7bc0870e319314d8d957dbb,0x5be9a4959308a0d0c7bc0870e319314d8d957dbb-32240150336664509314013882100458201794439878083374431556084268488477773350727,113652283.0,0.0,147519564.64675137,113583637.69483003,0.0,0.0,89139045.49019608,147519564.64675137,113583637.69483003
0x44a681dd2ae212e6b8ed676b793ea802c7655fad,0x44a681dd2ae212e6b8ed676b793ea802c7655fad-32240150336664509314013882100458201794439878083374431556084268488477773350727,171335100.0,0.0,0.0,31209200.08549065,10568513.166284123,0.0,134380470.5882353,0.0,41777713.25177477
0xdc388af5d78f49a4bfe5cd9af4e4a25105c00d4e,0xdc388af5d78f49a4bfe5cd9af4e4a25105c00d4e-5326462664065162722932043119924813017182031836302050157102579634814406166013,0.0,103669823.35283892,0.0,28133089.61764539,0.0,0.0,73178698.83729807,0.0,28133089.61764539
0xd6fd705ee0b31a9300d3e2154bcce777270cbb6f,0xd6fd705ee0b31a9300d3e2154bcce777270cbb6f-89172647092903384748810832800529553598469193965113300031520441387499554538781,51192.72478949429,0.0,5013.469166696564,32918.682555365114,0.0,0.0,40151.15669764258,5013.469166696564,32918.682555365114
0x6543e3594fa9ece3d0c0e09d826b59c827080a93,0x6543e3594fa9ece3d0c0e09d826b59c827080a93-32240150336664509314013882100458201794439878083374431556084268488477773350727,5737.932020958377,0.0,9801.539585621214,7200.017231932493,3997.0344502718444,0.0,4500.338839967355,9801.539585621214,11197.051682204337
0x9265866bd5374f5c6ae9a084b5d95398e7c011c7,0x9265866bd5374f5c6ae9a084b5d95398e7c011c7-32240150336664509314013882100458201794439878083374431556084268488477773350727,8632.9251592858,0.0,7067.764616957318,6457.636947365105,0.0,0.515481077493746,6770.9216935574905,7067.764616957318,6458.152428442599
0x8a0f8581e8f2e4b4626352553d382a848aed5efd,0x8a0f8581e8f2e4b4626352553d382a848aed5efd-32240150336664509314013882100458201794439878083374431556084268488477773350727,12833.860500438645,0.0,0.0,4164.934212423435,0.0,0.0,10065.772941520507,0.0,4164.934212423435
0x52b9394033b0867b8fefeab150240297eb9cf45e,0x52b9394033b0867b8fefeab150240297eb9cf45e-32240150336664509314013882100458201794439878083374431556084268488477773350727,8862.029060580702,0.0,115.52061606377639,4031.2318411537453,0.0,828.5135230354623,6950.611027906433,115.52061606377639,4859.745364189208
0x2b7b6bedfae21b0cb46b73633192f6577b733026,0x2b7b6bedfae21b0cb46b73633192f6577b733026-53264506155310027555532938928004764471296454966777627749032323943457983040900,5711.17,0.0,0.0,1090.7792416131333,0.0,0.0,4479.349019607844,0.0,1090.7792416131333
0x757006f01453db6eba72aa1231fcd80f56bcb93f,0x757006f01453db6eba72aa1231fcd80f56bcb93f-32240150336664509314013882100458201794439878083374431556084268488477773350727,3177.9359498707836,0.0,180.63475166388082,943.4362634948051,1263.8827090119385,0.0,2492.4987842123796,180.63475166388082,2207.3189725067436
0xa93fd4d73e212cb8b103d2ab73a122cc4773ea41,0xa93fd4d73e212cb8b103d2ab73a122cc4773ea41-53264975629989116445063893374988455876286116296772157731233029695550969644543,2377.710936813049,0.0,0.0,616.3661269421781,0.0,0.0,1864.8713229906268,0.0,616.3661269421781
0x02a9250010e75545629510f1c868e8d99274aff9,0x02a9250010e75545629510f1c868e8d99274aff9-32240150336664509314013882100458201794439878083374431556084268488477773350727,1054.1250501051568,0.0,0.0,569.9912567064814,0.0,0.0,826.7647451805152,0.0,569.9912567064814
0x350d10676f62314c86fe025f747e35144db84a9c,0x350d10676f62314c86fe025f747e35144db84a9c-32240150336664509314013882100458201794439878083374431556084268488477773350727,1074.4489952240071,0.0,0.0,485.9541924545625,0.0,0.0,842.705094293339,0.0,485.9541924545625
0x17a5a3f477221885bfc04d28dd196ab88b71e389,0x17a5a3f477221885bfc04d28dd196ab88b71e389-53264847878018884546928630302931498268806238649706838552761911014304606092057,608.8955958845434,0.0,0.0,325.34783543072945,0.0,0.0,477.5651732427791,0.0,325.34783543072945
0x17a5a3f477221885bfc04d28dd196ab88b71e389,0x17a5a3f477221885bfc04d28dd196ab88b71e389-53264611097551690587824468000645216706964377987401366537933346641924996269817,504.77642489189697,0.0,0.0,154.74275978610467,0.0,0.0,395.90307834658586,0.0,154.74275978610467
0x161e69aadf1963f945f9a88fa72d65fbcd009bb0,0x161e69aadf1963f945f9a88fa72d65fbcd009bb0-32240150336664509314013882100458201794439878083374431556084268488477773350727,374.2597513198133,0.0,0.0,132.23682375438597,0.0,0.0,293.5370598586771,0.0,132.23682375438597
0x17a5a3f477221885bfc04d28dd196ab88b71e389,0x17a5a3f477221885bfc04d28dd196ab88b71e389-53264707530153651203361325041112711023806715983178033258397106048973636776906,235.28465281955567,0.0,0.0,116.70127646182895,0.0,0.0,184.53698260357308,0.0,116.70127646182895
0x8f1a4dfe18745a5532fa987e5198bd4ab02423e5,0x8f1a4dfe18745a5532fa987e5198bd4ab02423e5-53264457369269525728970644366633767117307263340666661998526178173760741915002,2855.585,0.0,0.0,5.311922740916464,0.0,0.0,2239.674509803922,0.0,5.311922740916464
0x7ea4b6ae780164eab6144eaac343a7ad79b37c2e,0x7ea4b6ae780164eab6144eaac343a7ad79b37c2e-32240150336664509314013882100458201794439878083374431556084268488477773350727,5.71117,0.0,20.84522953198853,3.7723952866434445,0.0,10.733047675383453,4.479349019607843,20.84522953198853,14.505442962026898
0x80a947895a2eb611c07b77c5a2892ff013b9d812,0x80a947895a2eb611c07b77c5a2892ff013b9d812-43731175958696605702325059221307891676326327382524789472088513975073389416588,3.2621876859788443,0.0,0.0,1.5006137332157659,0.0,0.0,2.5585785772383094,0.0,1.5006137332157659
0xcc4776a5b289b6874a815c5d0d4a489f40c79dad,0xcc4776a5b289b6874a815c5d0d4a489f40c79dad-59130284596804167979542054868527230699547412454483967008833477338997610763016,9.187560416869607,0.0,0.0,1.0023516313630023,0.0,0.0,7.20592973872126,0.0,1.0023516313630023
0x8522a96ca8ba6555768129b6b149077ef213eeaf,0x8522a96ca8ba6555768129b6b149077ef213eeaf-53264685983424980827532285755980737858731738425833242076353152898632461017304,5.136626298,0.0,0.0,0.7450207764034713,0.0,0.43193307365917494,4.0287265082352945,0.0,1.1769538500626462
0x3910e3d5cd3d4f1f262641e04bf13f76d95ff41c,0x3910e3d5cd3d4f1f262641e04bf13f76d95ff41c-32240150336664509314013882100458201794439878083374431556084268488477773350727,0.24679011336138257,0.0,0.0,0.26255830994014984,0.0,0.0,0.1935608732246138,0.0,0.26255830994014984
0xf88eb992eed3b81b5cec326af90f31a23c9c79f3,0xf88eb992eed3b81b5cec326af90f31a23c9c79f3-32240150336664509314013882100458201794439878083374431556084268488477773350727,0.15575053779247391,0.0,0.0,0.11741767470957867,0.0,0.0,0.1221572845431168,0.0,0.11741767470957867
0x07f87ef8896a4bfc602ea1160e5b9b1939327840,0x07f87ef8896a4bfc602ea1160e5b9b1939327840-32240150336664509314013882100458201794439878083374431556084268488477773350727,5.71117,0.0,13.752402855757198,0.028569810254605796,0.0,0.0,4.479349019607843,13.752402855757198,0.028569810254605796
0x9aa4f6695dcb78782887da731d06c57b8c988453,0x9aa4f6695dcb78782887da731d06c57b8c988453-32240150336664509314013882100458201794439878083374431556084268488477773350727,0.032913203793481664,0.0,0.0,0.010022505039628251,0.0,0.0,0.02581427748508366,0.0,0.010022505039628251
0x06ac1ceb306cad9e1b17f79361bc427bed5f07e3,0x06ac1ceb306cad9e1b17f79361bc427bed5f07e3-32240150336664509314013882100458201794439878083374431556084268488477773350727,7.720878166993516e-05,0.0,0.0,0.00011736984461112394,0.0,0.0,6.055590719210601e-05,0.0,0.00011736984461112394
0x1d00d85e32a84b872aa467bab87153ba9023d2bf,0x1d00d85e32a84b872aa467bab87153ba9023d2bf-32240150336664509314013882100458201794439878083374431556084268488477773350727,6.288793027961549e-05,0.0,0.0,7.847574473704777e-05,0.0,0.0,4.932386688597294e-05,0.0,7.847574473704777e-05
0xb728678b707316c7d1cf311f64b56033d60ba1bb,0xb728678b707316c7d1cf311f64b56033d60ba1bb-32240150336664509314013882100458201794439878083374431556084268488477773350727,0.001142234,0.0,0.0,6.972491130311583e-05,0.0,0.0,0.0008958698039215687,0.0,6.972491130311583e-05
0x7ebe6249a887b481e0ed0ca5d1859fa9658bc8d5,0x7ebe6249a887b481e0ed0ca5d1859fa9658bc8d5-32240150336664509314013882100458201794439878083374431556084268488477773350727,36.98264128653326,0.0,0.0,3.3637201363634016e-05,0.0,0.0,29.00599316590844,0.0,3.3637201363634016e-05
0x5ed439eb2f7a0aa0e3afea2e432565a82da70c83,0x5ed439eb2f7a0aa0e3afea2e432565a82da70c83-32240150336664509314013882100458201794439878083374431556084268488477773350727,1.862358566320253e-06,0.0,0.0,2.2025465817928342e-06,0.0,0.0,1.460673385349218e-06,0.0,2.2025465817928342e-06
0xdc45a39443d9b95e988bbdec2ccea032dc7ee50b,0xdc45a39443d9b95e988bbdec2ccea032dc7ee50b-32240150336664509314013882100458201794439878083374431556084268488477773350727,2.445336349640552,0.0,0.0,6.873178287405361e-07,0.0,0.0,1.917910862463178,0.0,6.873178287405361e-07
0xdfed4fda062f74ba777f8b6d0a5087631f9b3109,0xdfed4fda062f74ba777f8b6d0a5087631f9b3109-32240150336664509314013882100458201794439878083374431556084268488477773350727,1.028533954914283,0.0,4.554377161892113,2.061100696780892e-07,0.0,0.0,0.8066932979719866,4.554377161892113,2.061100696780892e-07
0x7c10a12361e0ae1ab5d68bf7481f317f2c8d1b19,0x7c10a12361e0ae1ab5d68bf7481f317f2c8d1b19-32240150336664509314013882100458201794439878083374431556084268488477773350727,1765.1448422989313,0.0,4038.4839608872167,0.0,3621.0971722110744,0.0,1384.4273272932796,4038.4839608872167,3621.0971722110744
0x70ce2661e37249f9a55a695b39d363af4e6273f1,0x70ce2661e37249f9a55a695b39d363af4e6273f1-32240150336664509314013882100458201794439878083374431556084268488477773350727,685340.4,0.0,0.0,0.0,281190.39310835395,0.0,537521.8823529412,0.0,281190.39310835395
0x5c5269254fec3891b83153663925113ff9bebcbe,0x5c5269254fec3891b83153663925113ff9bebcbe-53264419019906680011678261380276420262113391921352484156680074571914698662423,17.82569001241811,0.0,0.0,0.0,0.0,8.249248496799419e-07,13.98093334307303,0.0,9.605289345588364e-07
0x340e2ca18b01957c970e725bfbad2da4df9b3754,0x340e2ca18b01957c970e725bfbad2da4df9b3754-70881285476834920910924933680521138400621524400399701671159979686139781150239,0.340956849,0.0,0.0,0.0,0.008373073019242203,0.0,0.26741713647058823,0.0,0.008373073019242203
0x6ea0fa58d715a7dd27e3b75f9c0eac136ff1ae98,0x6ea0fa58d715a7dd27e3b75f9c0eac136ff1ae98-32240150336664509314013882100458201794439878083374431556084268488477773350727,281320.44463176903,0.0,0.0,0.0,80030.98872543032,0.0,220643.4859857012,0.0,80030.98872543032
0x65a9e8ce4570624a84cbaf7e0540bd7d706b241f,0x65a9e8ce4570624a84cbaf7e0540bd7d706b241f-32240150336664509314013882100458201794439878083374431556084268488477773350727,146130.9179778805,0.0,3233.9925681000914,0.0,26363.218484713372,10175.891716355756,114612.48468853375,3233.9925681000914,36539.110201069125
0x0fa1189abd92aab2d184733199ba62e2753f0813,0x0fa1189abd92aab2d184733199ba62e2753f0813-35666172115859177864192791646010662763737945607480868364630074708731624554447,0.001142234,0.0,0.0,0.0,0.0,6.663405862121847e-06,0.0008958698039215687,0.0,6.663405862121847e-06
0x1f84cd9b929f7fbaf501aaa90360d609dc2adc24,0x1f84cd9b929f7fbaf501aaa90360d609dc2adc24-32240150336664509314013882100458201794439878083374431556084268488477773350727,129.89451732556424,0.0,0.0247385123514687,0.0,0.0,78.96127395243532,101.87805280436412,0.0247385123514687,78.96127395243532
0x03648c897f9adbd74ba2dfcd0a0073e7a1754d80,0x03648c897f9adbd74ba2dfcd0a0073e7a1754d80-32240150336664509314013882100458201794439878083374431556084268488477773350727,1903.642956353155,0.0,7455.277238098258,0.0,6832.941581293853,0.01067699732640657,1493.0532991005136,7455.277238098258,6832.9522582911795
0x0b83947c200b7996177864d8f4d295dfaac1575c,0x0b83947c200b7996177864d8f4d295dfaac1575c-32240150336664509314013882100458201794439878083374431556084268488477773350727,61.98412030362419,0.0,0.0,0.0,39.59954916834977,0.0,48.614996316567996,0.0,39.59954916834977
0x2560e326bbc2a44b75be3d9a83a6bf1f22ebc8ac,0x2560e326bbc2a44b75be3d9a83a6bf1f22ebc8ac-32240150336664509314013882100458201794439878083374431556084268488477773350727,3720.240146724,0.0,20227.57761372653,0.0,0.0,5513.510780378115,2917.8354091952942,20227.57761372653,5513.510780378115
0x323546ae4ed50a380983cadff47c2bd20ad76b27,0x323546ae4ed50a380983cadff47c2bd20ad76b27-32240150336664509314013882100458201794439878083374431556084268488477773350727,259115.78340326832,0.0,0.0,0.0,110467.67149469566,0.0,203228.0654143281,0.0,110467.67149469566
0x40f370f5af79d6f551b85eead755625b6c32dea8,0x40f370f5af79d6f551b85eead755625b6c32dea8-32240150336664509314013882100458201794439878083374431556084268488477773350727,1203.9470948048818,0.0,0.0,0.0,0.0,218.21784175673557,944.2722312195152,0.0,218.21784175673557
0x4a494c4f2e449efd25aff509b7284470cb0c06aa,0x4a494c4f2e449efd25aff509b7284470cb0c06aa-32240150336664509314013882100458201794439878083374431556084268488477773350727,202.44864777846823,0.0,0.0,0.0,0.0,51.0752791328043,158.78325315958293,0.0,51.0752791328043
0xae9ff168d45dac6a9b564fe7dbf727ef9ca3b6f9,0xae9ff168d45dac6a9b564fe7dbf727ef9ca3b6f9-32240150336664509314013882100458201794439878083374431556084268488477773350727,247921.8897,0.0,0.0,0.0,110467.77363293042,0.0,194448.54094117647,0.0,110467.77363293042
0xaa5b7838683ab336944181d5a4e0f0b6afd0a473,0xaa5b7838683ab336944181d5a4e0f0b6afd0a473-32240150336664509314013882100458201794439878083374431556084268488477773350727,171344.4092071,0.0,0.0,0.0,65276.687667056845,0.0,134387.77192713725,0.0,65276.687667056845
0x9aedb2f49e224f692417f35554acd51869c2d6a5,0x9aedb2f49e224f692417f35554acd51869c2d6a5-32240150336664509314013882100458201794439878083374431556084268488477773350727,119.7632349,0.0,1987.246507180064,0.0,0.0,803.6968428825563,93.93194894117647,1987.246507180064,803.6968428825563
0x9fec2b470a92bb3a76fbb51ab41de7a70b6a1cec,0x9fec2b470a92bb3a76fbb51ab41de7a70b6a1cec-32240150336664509314013882100458201794439878083374431556084268488477773350727,294296.5903942966,0.0,0.0,0.0,130553.14218325513,0.0,230820.85521121306,0.0,130553.14218325513
0x98185b8a13955ebbb6722f9ffc40d088d05e401e,0x98185b8a13955ebbb6722f9ffc40d088d05e401e-32240150336664509314013882100458201794439878083374431556084268488477773350727,5.046150782925462,0.0,0.0,0.0,0.0,0.004819863573601469,3.9577653199415392,0.0,0.004819863573601469
0x8c6193f19ba6402ca4e1ec71dad8960644c2c298,0x8c6193f19ba6402ca4e1ec71dad8960644c2c298-94109973053231915685815301725750284163188492275296479151658009445245670827213,69.1818063940019,0.0,0.0,0.0,40.20512249298878,0.0,54.2602403090211,0.0,40.20512249298878
0xc99464bfe830328abd637a662032b89aa5511282,0xc99464bfe830328abd637a662032b89aa5511282-32240150336664509314013882100458201794439878083374431556084268488477773350727,1569.6763110482532,0.0,1426.8865955427864,0.0,0.0,2013.4409068538664,1231.1186753319635,1426.8865955427864,2013.4409068538664
0xbe974b2d56ba72a1ae2e7675b2a63dd6b12eaca9,0xbe974b2d56ba72a1ae2e7675b2a63dd6b12eaca9-32240150336664509314013882100458201794439878083374431556084268488477773350727,1.9683100545538865,0.0,23.205474901203814,0.0,14.480405083636176,0.0,1.54377259180697,23.205474901203814,14.480405083636176
0xce8bb478053d602adf6c38a53ccd1c8e19be907a,0xce8bb478053d602adf6c38a53ccd1c8e19be907a-32240150336664509314013882100458201794439878083374431556084268488477773350727,1815.580943,0.0,1240.6851999001208,0.0,0.0,1500.9003837758482,1423.9850533333333,1240.6851999001208,1500.9003837758482
0xd6ca7a4fd6f0ee9c6b67f9b6f0dabc9f2f0a992b,0xd6ca7a4fd6f0ee9c6b67f9b6f0dabc9f2f0a992b-32240150336664509314013882100458201794439878083374431556084268488477773350727,49.40354546762012,0.0,4.583264030956495,0.0,36.02894855764545,0.0,38.74787879813343,4.583264030956495,36.02894855764545
0xc1338e55a765fd98a17d5fd1aed6cf0068c66522,0xc1338e55a765fd98a17d5fd1aed6cf0068c66522-53264159921416246614919264178477805844848670144656351848260189926532882383579,0.0,10448166.745250588,0.0,0.0,3023899.301128982,0.0,7375176.526059239,0.0,3023899.301128982
0xe14a9967eb75e279916a8be9eae216fc6add959a,0xe14a9967eb75e279916a8be9eae216fc6add959a-32240150336664509314013882100458201794439878083374431556084268488477773350727,228438.4046372117,0.0,0.0,0.0,100425.60394862498,0.0,179167.3761860484,0.0,100425.60394862498
0xe479d0b76c155b93e20ec137a77aba44f91ab44f,0xe479d0b76c155b93e20ec137a77aba44f91ab44f-53264356678424170834843529696646378620653267581961730110035008200293688624688,2396.868240182534,0.0,0.0,0.0,0.0,627.9341330177953,1879.8966589666934,0.0,627.9341330177953
0xe6de6c7818c426fe5aaaac6aed292277564a7c78,0xe6de6c7818c426fe5aaaac6aed292277564a7c78-53264500448577456067452681056629441808161490178641653028337104911072758237420,0.048048704925808705,0.0,0.0,0.0,1.0865654060786666e-05,0.0,0.037685258765340165,0.0,1.0865654060786666e-05
0xedc75125f02ae9710aa845ba9a392ef5e1d3bf92,0xedc75125f02ae9710aa845ba9a392ef5e1d3bf92-32240150336664509314013882100458201794439878083374431556084268488477773350727,350094.7215980166,0.0,0.0,0.0,120510.26140273908,0.0,274584.0953709934,0.0,120510.26140273908
0xf288350f75c24eaf71365ff86eabffd6c9357b4f,0xf288350f75c24eaf71365ff86eabffd6c9357b4f-32240150336664509314013882100458201794439878083374431556084268488477773350727,244152.51750000002,0.0,0.0,0.0,100425.17720549458,0.0,191492.1705882353,0.0,100425.17720549458
