date,lp_base,lp_reward,stakedao_tvl,pool_tvl,collateral_lend_apy,reusd_price,col_base_v2,col_base_v1,v2_borrow_cost,v2_rw_crv,v2_rw_rsup,v2_rw_cvx,v2_debt,proxy_borrow_cost,proxy_rw_crv,proxy_rw_rsup,proxy_rw_cvx,proxy_debt,curve_base,curve_crv_min
2025-09-29,2.84,11.904,12303881,49832097,7.4258,0.988146,,5.1042,,,,,,3.3807,0.7788,2.3961,0.0008,18842037.86,2.75,5.81494
2025-09-30,3.04,11.89655,12342649,49358883,2.2428,0.98933,,6.4935,,,,,,3.3764,0.8382,2.5898,0.0008,17607752.02,3.88,5.84835
2025-10-01,3.12,12.47748,12355408,49386027,7.2046,0.990046,,7.041,,,,,,3.3731,0.8165,2.5255,0.0008,17099974.3,3.17,6.16443
2025-10-02,3.27,12.61579,12355408,48463305,3.4497,0.989895036373925,,3.9252,,,,,,3.311,0.9385,2.6008,0.0009,15843398.32,3.84,6.30716
2025-10-08,2.28,12.40035,13255809,50155631,2.507,0.9890285053044368,,4.1653,,,,,,2.7165,1.0193,2.861,0.001,13020892.62,2.08,6.06695
2025-10-09,2.1,12.19686,13253147,49937925,8.6924,0.9896641940889976,,4.8344,,,,,,2.8977,0.9564,1.8274,0.001,12645934.56,2.4,5.98025
2025-10-10,2.11,11.13013,13934762,50841972,8.1491,0.9919455970131044,,4.7116,,,,,,3.2608,0.9372,1.7887,0.0009,13145575.91,2.76,3.7818
2025-10-11,2.26,8.02518,13410631,48972647,9.5012,0.989607438457771,,6.1051,,,,,,3.8716,0.8875,1.7132,0.0009,11906344.94,3.29,3.99483
2025-10-12,2.62,9.45854,13410631,48634110,6.2952,0.989848211779684,,6.1831,,,,,,3.269,0.9863,1.9101,0.001,11096943.57,3.31,4.69199
2025-10-13,2.83,10.42142,13506174,48934053,1.8999,0.9904563817283756,,5.3426,,,,,,3.2692,1.1267,2.2008,0.0011,10752350.88,2.83,5.20867
2025-10-14,2.87,9.78017,13555149,48968100,5.1923,0.9897237671466482,,5.6113,,,,,,3.2647,0.9416,1.8238,0.0009,10924423.67,2.37,4.86321
2025-10-15,2.77,9.15178,13417715,48913758,5.5576,0.9897493800621424,,4.4722,,,,,,3.2693,0.9601,1.8617,0.001,11164635.02,2.12,4.54971
2025-10-16,2.69,8.42817,13264443,47497254,5.5577,0.9894569658193956,,5.6894,,,,,,3.1932,0.8775,1.6408,0.0009,11040779.58,2.11,4.17811
2025-10-17,2.64,8.99987,11407293,44959733,4.1842,0.9900866931827466,,4.6034,,,,,,2.8104,1.0091,1.9194,0.001,9662020.91,2.55,4.33729
2025-10-18,2.35,9.32328,11167751,44249650,6.3088,0.9896691767101892,,5.2186,,,,,,2.81,1.1138,2.1295,0.0011,8866476.23,2.44,4.45705
2025-10-19,1.98,9.89696,10948231,43764937,4.5162,0.990458575704653,,5.3299,,,,,,2.813,1.1249,2.1566,0.0011,8480927.6,0.39,4.77859
2025-10-20,1.81,9.79974,10948231,43765619,7.5595,0.98954452325759,,3.5062,,,,,,2.813,1.2116,2.3574,0.0012,8113961.81,0.46,4.72911
2025-10-21,1.6,9.61846,10907608,43670343,5.616,0.9899123395668608,,4.6817,,,,,,2.813,1.1798,2.3017,0.0012,7812380.51,1.41,4.64564
2025-10-22,1.46,8.94093,10861372,44248027,5.7414,0.9907948822511344,,3.7996,,,,,,2.7666,1.2453,2.4288,0.0012,7774890.32,1.17,4.31928
2025-10-23,1.27,9.25376,10607969,44060782,5.5646,0.990532458142894,,3.7576,,,,,,2.7628,1.1767,1.8633,0.0012,7784900.54,0.82,4.46414
2025-10-24,1.09,9.62499,10541913,43964797,5.5646,0.9897962256062228,,3.4172,,,,,,2.7807,1.2049,1.9076,0.0012,7796205.63,0.77,4.64593
2025-10-27,1.0,10.13136,10402194,43409646,5.0158,0.98984771761752,,2.8726,,,,,,2.7979,1.1733,1.845,0.0012,8349295.34,1.7,4.84282
2025-10-28,1.08,9.71657,9592451,42908222,5.1999,0.9903080553186648,,2.6955,,,,,,2.902,1.1994,1.8951,0.0012,7428991.9,1.09,4.70432
2025-10-29,1.07,10.2393,9368248,42661993,4.259,0.9898566209644776,,3.2013,,,,,,2.7954,1.1333,1.7924,0.0011,7955262.54,1.58,4.93236
2025-10-30,1.27,8.15269,7866020,31554117,29.0387,0.9894920152148958,,12.1267,,,,,,3.7004,1.378,2.0848,0.0014,7098591.93,1.22,3.95343
2025-10-31,1.6,8.28604,7389724,31158221,7.1781,0.988986017156354,,6.4318,,,,,,3.6041,1.4403,2.1892,0.0014,5756602.62,3.01,3.99656
2025-11-01,1.96,8.47875,6313475,30653005,13.5587,0.9893497380119292,,7.1532,,,,,,4.0397,1.439,2.1993,0.0014,5532340.4,2.95,4.09756
2025-11-02,2.18,8.26355,6313849,30833941,17.924,0.9893366223172068,,9.8519,,,,,,3.1982,1.3792,2.0978,0.0014,5857641.53,3.47,3.9556
2025-11-03,2.22,7.70105,6351008,29746051,3.3002,0.9895499419260092,,7.3201,,,,,,3.4005,1.5328,2.2632,0.0015,5547797.7,2.43,3.7291
2025-11-04,2.28,8.5976,4571855,27306878,7.0336,0.9887810122322216,,9.3001,,,,,,4.0098,1.3678,2.0137,0.0014,5284336.42,1.73,4.12664
2025-11-05,2.4,8.86414,4537530,27268891,7.4822,0.9894321625028109,,5.9353,,,,,,3.5942,1.4354,2.1004,0.0014,5352140.85,2.08,4.28804
2025-11-06,2.28,8.8718,4284591,26262356,7.378,0.9885544515676458,,6.6703,,,,,,3.0492,1.4032,1.5427,0.0014,5415168.13,1.28,4.25886
2025-11-07,2.15,9.28338,4284591,22431992,20.801,0.9887535196711164,,6.4875,,,,,,3.0333,1.5641,1.7529,0.0016,5180927.63,1.52,5.70142
2025-11-11,2.72,12.12666,4571866,20645610,13.0614,0.9912205574478928,,9.0299,,,,,,4.2082,1.7989,1.973,0.0018,4248380.39,4.61,5.90756
2025-11-12,2.8,11.29657,5144287,21210387,5.5413,0.9898209274196718,,8.9754,,,,,,2.6972,1.6714,1.8343,0.0017,4120323.16,2.48,5.44609
2025-11-13,2.93,13.49459,5438702,21542895,6.3385,0.9900666279845404,,6.449,,,,,,2.7176,1.5936,1.4352,0.0016,4267053.01,2.18,6.64153
2025-11-14,2.98,12.98704,5671487,21746581,4.2457,0.9894716081571108,,8.7651,,,,,,2.9474,1.4827,1.3364,0.0015,4249667.94,2.22,6.3041
2025-11-18,2.21,10.92617,6547091,22819472,4.7316,0.9915004147283394,,5.084,,,,,,2.925,1.3478,1.2156,0.0013,4342014.52,1.65,5.55981
2025-11-19,2.22,11.25291,6587006,22718174,6.8119,0.9896379950720317,,3.3928,,,,,,,,,,,2.57,5.84494
2025-11-20,2.22,11.41172,6552000,22821527,5.6965,0.9896593820184276,,3.7931,,,,,,2.9475,1.3007,1.1287,0.0013,4342558.23,1.63,5.7643
2025-11-21,2.25,10.2524,6474503,22407178,0.4191,0.9894312183943336,,4.4465,,,,,,2.982,1.2998,1.1565,0.0013,3911268.44,2.72,5.23921
2025-11-22,2.34,10.04625,6481064,22317064,2.8851,0.989299117354376,,3.9963,,,,,,2.991,1.2045,1.057,0.0012,4067308.24,3.28,5.17201
2025-11-23,2.39,10.63011,6481064,22430833,2.8851,0.9898243506483256,,4.0326,,,,,,,,,,,2.83,5.43639
2025-11-24,2.63,11.13553,6512230,22556549,2.9421,0.9897384334040596,,5.527,,,,,,,,,,,3.18,5.70561
2025-11-25,2.92,11.10073,6408906,22735853,2.6417,0.9891946144545212,,4.8042,,,,,,3.0003,1.2894,1.1395,0.0013,3996728.79,3.29,5.68685
2025-11-26,2.98,11.97678,6424088,22776715,5.8569,0.9899365301525168,,5.089,,,,,,3.011,1.1967,1.0607,0.0012,3903120.97,3.37,6.06855
2025-11-27,3.07,6.60319,4880992,21348964,2.6324,0.9906032466939718,,9.4325,,,,,,3.0116,1.2893,1.2508,0.0013,3730613.17,2.89,3.17956
2025-11-28,2.93,6.48807,4880992,21356218,4.0374,0.9899989492692348,,4.0283,,,,,,3.0665,1.1852,1.1322,0.0012,3548886.84,2.47,3.13288
2025-11-29,2.84,6.46856,4776575,21248308,5.2356,0.9899279105695974,,5.9441,,,,,,2.6984,1.1722,1.1281,0.0012,3511808.92,2.34,3.11213
2025-11-30,2.72,6.41725,4776575,21259128,9.4221,0.989901094245155,,5.0003,,,,,,2.6984,1.1486,1.107,0.0011,3449714.51,1.89,3.07919
2025-12-01,2.55,5.94132,4764755,20698801,6.8997,0.98926716207022,,6.0231,,,,,,2.6984,0.5932,1.134,0.0006,3303037.45,2.56,2.87326
2025-12-02,2.08,6.05811,4737428,20627802,9.7631,0.9899307880330864,,6.5483,,,,,,2.6984,0.6398,1.2209,0.0006,3197118.23,0.58,2.92445
2025-12-03,1.75,6.95657,3714912,19486323,6.2339,0.9897044404683792,,3.9443,,,,,,2.6947,0.6411,1.2298,0.0006,3157270.72,0.88,3.36677
2025-12-04,1.49,6.91274,3664785,19438699,14.4171,0.9893720276527423,,5.7376,,,,,,3.0991,0.6981,1.1506,0.0007,2904716.35,0.42,3.32698
2025-12-05,1.26,6.76607,3242725,18972525,3.6271,0.9889817430839024,,7.3094,,,,,,3.3473,0.6995,1.16,0.0007,2792298.47,0.8,3.27159
2025-12-06,1.4,6.79619,3242725,18967561,3.7619,0.9892384444050664,,6.7422,,,,,,2.9699,0.6965,1.1732,0.0007,2603899.43,2.17,3.28786
2025-12-07,1.22,6.77945,3242725,18766157,3.7619,0.9895708272574922,,6.1745,,,,,,3.1622,0.7104,1.1984,0.0007,2611938.54,1.02,3.29003
2025-12-08,1.03,7.33763,3242725,17707255,6.6885,0.989217628360443,,12.9047,,,,,,2.9739,0.218,1.1424,0.0002,2580584.39,0.65,3.51844
2025-12-09,1.14,7.70906,3242725,17299086,9.9463,0.990063154143326,,3.6362,,,,,,2.5261,0.3437,1.8041,0.0003,2561434.31,0.97,3.7724
2025-12-10,1.17,7.75413,3315970,17288980,6.8883,0.9894899529172984,,4.2772,,,,,,2.5261,0.3285,1.7402,0.0003,2544417.94,1.03,3.79307
2025-12-11,1.14,9.69349,3411985,17341256,5.0743,0.9896369494149546,,4.1142,,,,,,2.615,0.281,1.3767,0.0003,2608768.86,0.73,4.65013
2025-12-12,1.25,9.52294,3392696,17325849,6.4565,0.9904508627425924,,5.5455,,,,,,2.8589,0.2826,1.4406,0.0003,2522994.26,1.07,4.60436
2025-12-13,0.83,9.7,3413995,17348001,3.9022,0.98996643949169,,4.5631,,,,,,,,,,,0.7,4.67971
2025-12-14,0.8,9.1423,3413995,17230174,3.9022,0.989879547386732,,5.1733,,,,,,2.6004,0.2812,1.4447,0.0003,2318369.63,0.41,4.38979
2025-12-15,0.78,8.71262,3383925,17191606,5.1047,0.9897873817924492,,5.7824,,,,,,2.526,0.105,1.3466,0.0001,2301116.02,0.56,4.19705
2025-12-16,0.7,8.72253,3383925,17187296,5.1047,0.9898113084413624,,5.8123,,,,,,2.5211,0.1087,1.4157,0.0001,2173845.71,0.37,4.34641
2025-12-17,0.61,8.73055,3383925,17186953,7.1248,0.9899180895439716,,6.0448,,,,,,,,,,,0.44,4.20036
2025-12-18,0.63,8.50739,3383925,16952287,11.8404,0.990710174968608,,5.7943,,,,,,2.5133,0.1029,1.1513,0.0001,2174145.28,0.79,4.06718
2025-12-19,0.53,8.72407,3383925,16949514,9.7868,0.9893161211042824,,5.8,,,,,,,,,,,0.66,4.20813
2025-12-20,0.58,8.80869,3483353,16947699,0.0001,0.9901049109378406,,6.0491,,,,,,2.5191,0.0915,1.0241,0.0001,2179484.86,0.76,4.23734
2025-12-21,0.58,8.50663,3487648,16959572,0.0001,0.9902392833915048,,5.5665,,,,,,2.517,0.0899,1.0095,0.0001,2160135.69,0.47,4.11828
2025-12-22,0.56,9.31002,3487648,16930379,0.0006,0.9897878097656224,,3.4837,,,,,,2.5198,0.0,1.0297,0.0,2169902.27,0.36,4.48676
2025-12-23,0.63,9.31002,3487648,16911838,0.0501,0.9889638570423956,,3.872,,,,,,2.5182,0.0,1.0318,0.0,2146345.25,0.86,4.48676
2025-12-24,0.66,9.49202,3506831,16529697,0.1363,0.989405729987793,,4.3233,,,,,,2.5261,0.0,0.9679,0.0,2076210.23,0.66,4.58457
2025-12-25,0.56,7.41585,3386067,16433361,0.1509,0.9891730099922452,,5.0739,,,,,,2.5261,0.0,0.8461,0.0,2053040.43,0.21,3.55726
2025-12-26,0.68,7.29071,3284882,16433514,0.2901,0.9902394820768984,,5.0842,,,,,,2.569,0.0,0.8681,0.0,2017871.96,1.39,3.46767
2025-12-27,0.61,7.49229,3284882,16433203,0.3494,0.9888054469932632,,4.4585,,,,,,2.7701,0.0,0.8737,0.0,1964016.87,0.35,3.60886
2025-12-28,0.58,7.28775,3275797,16426404,0.5003,0.989782496915794,,3.8132,,,,,,2.526,0.0,1.04,0.0,1964214.63,0.21,3.53315
2025-12-29,0.58,7.33202,3240061,16352245,1.0415,0.9888400734891492,,4.9808,,,,,,2.5622,0.0,1.1041,0.0,1915279.31,0.38,3.5327
2025-12-30,0.52,7.41834,2818661,15933207,1.0415,0.9896422144641426,,4.9986,,,,,,2.677,0.0,1.0662,0.0,1884279.94,0.45,3.5696
2025-12-31,0.59,7.23708,2675576,15735516,1.0415,0.989125466650252,,3.2117,,,,,,2.5256,0.0,1.1024,0.0,1849910.55,1.16,3.49435
2026-01-01,0.59,7.53269,2675576,15192394,1.7071,0.9887174370691288,,4.9715,,,,,,2.5254,0.0,1.0333,0.0,1802268.69,0.4,3.91039
2026-01-02,0.59,7.53269,2675576,15162579,1.9893,0.9897492667625408,,6.5582,,,,,,3.209,0.0,1.0718,0.0,1749386.43,1.38,4.15533
2026-01-03,0.59,7.53269,2675576,15154135,1.9893,0.9895087686947506,,6.9483,,,,,,3.0991,0.0,1.0627,0.0,1762004.71,0.37,4.3628
2026-01-04,0.59,7.53269,2675576,15208289,2.1171,0.9892818011417688,,8.1265,,,,,,3.4664,0.0,1.4091,0.0,1749539.79,0.46,4.2636
2026-01-05,0.68,8.90241,2743483,15215521,5.7831,0.9897208827311708,,8.068,,,,,,3.6981,0.0,1.388,0.0,1750973.68,0.38,4.41227
2026-01-07,0.54,8.96831,2710231,14962125,7.5443,0.9890785709310504,,5.4603,,,,,,4.1198,0.0,1.2595,0.0,1711049.93,0.34,4.31576
2026-01-08,0.61,6.17853,2575362,14617114,2.2468,0.9894665674555214,,6.9201,,,,,,3.7815,0.0,1.284,0.0,1724085.74,0.85,2.96918
2026-01-09,0.71,6.30537,2575362,14239693,3.7297,0.988900081168609,,7.0779,,,,,,4.3951,0.0,1.3416,0.0,1664415.75,2.11,3.05033
2026-01-10,0.8,6.36415,2575814,14245137,6.4532,0.9891776753927198,,7.0786,,,,,,4.5944,0.0,1.356,0.0,1628879.33,1.02,3.06385
2026-01-11,0.9,6.31373,2575498,13997991,4.9823,0.9896334125902828,,7.2086,,,,,,4.1911,0.0,1.417,0.0,1593776.17,1.12,3.05036
2026-01-12,1.0,6.26034,2454679,13817111,2.303,0.988784083025666,,7.2159,,,,,,4.4347,0.0,1.3966,0.0,1581283.46,1.12,3.01841
2026-01-13,1.27,7.02757,2147828,13570337,5.3124,0.9900719459045124,,4.6383,,,,,,3.7509,0.0,1.3984,0.0,1629801.09,2.34,3.48334
2026-01-14,1.31,7.06186,2147828,13513196,4.5948,0.9891402346966316,,5.4286,,,,,,3.9015,0.0,1.5055,0.0,1688074.23,0.71,3.41307
2026-01-15,1.34,6.9753,2249404,13369308,7.6506,0.989442922970063,,5.2973,,,,,,3.6365,0.0,1.4846,0.0,1729992.5,0.95,3.48944
2026-01-16,1.16,7.11977,2275177,13403206,6.3082,0.9895275635269132,,4.8193,,,,,,3.2896,0.0,1.4505,0.0,1743247.66,0.85,3.45207
2026-01-17,1.21,7.07136,2277042,13405805,6.3082,0.9890955378717428,,5.2019,,,,,,3.4152,0.0,1.4283,0.0,1747895.71,1.37,3.37028
2026-01-18,1.14,7.01287,2278475,13391538,5.8626,0.9895372232631172,,5.0556,,,,,,3.4422,0.0,1.5363,0.0,1737698.99,0.64,3.37589
2026-01-19,1.11,6.54086,2278475,13397718,5.8628,0.9891992654150876,,2.8434,,,,,,3.7071,0.0,1.509,0.0,1728939.61,0.73,3.13062
2026-01-20,0.9,6.22514,2278850,13394940,5.8628,0.9885652570922928,,4.192,,,,,,3.1161,0.0,1.3907,0.0,1700092.66,1.04,2.96367
2026-01-21,0.92,6.25751,2278850,13385410,5.4061,0.989099691692184,,4.5851,,,,,,3.0339,0.0,1.5667,0.0,1600270.55,0.89,3.0167
2026-01-23,0.94,8.18814,2277555,13134025,5.4079,0.9893411826767484,,4.3432,,,,,,,,,,,0.64,3.98979
2026-01-24,0.89,8.26198,2277396,13132208,4.5777,0.9893559181529684,,4.1746,,,,,,,,,,,1.08,3.95575
2026-01-25,0.84,7.7646,2277396,13133709,4.5777,0.9894236233829552,,4.1554,,,,,,2.7227,0.0,1.2941,0.0,1810291.23,0.24,3.7434
2026-01-26,0.81,8.14596,2277396,13138033,4.5777,0.989751939758612,,4.3665,,,,,,,,,,,0.5,3.90666
2026-01-27,0.83,7.97516,2277396,13146805,12.3501,0.990119091562778,,4.6236,,,,,,3.0919,0.0,1.4017,0.0,1730445.06,1.2,3.8129
2026-01-28,1.02,8.13607,2264090,13132412,3.6464,0.9891094106621304,,5.0647,,,,,,3.3736,0.0,1.4423,0.0,1691276.12,2.64,3.91183
2026-01-29,1.06,7.64493,2264735,13032118,0.8156,0.9885136908208348,,5.1805,,,,,,3.4757,0.0,1.343,0.0,1682398.1,1.16,3.64967
2026-01-30,1.13,7.47563,2206923,12683788,0.8156,0.9888880858906548,,4.1156,,,,,,2.7581,0.0,1.3557,0.0,1667366.09,1.14,3.59895
2026-01-31,1.51,7.46103,1799625,11613998,0.8156,0.9848119671386254,,4.0179,,,,,,6.4626,0.0,1.2819,0.0,1454579.68,3.74,3.57409
2026-02-01,2.53,7.38602,1799625,11632086,7.2036,0.9857058739148872,,3.5133,,,,,,2.693,0.0,1.2583,0.0,1706134.64,7.5,3.56446
2026-02-02,3.55,7.92262,1395004,11249019,1.4958,0.988763250065876,,2.7935,,,,,,2.7995,0.0,1.2917,0.0,1640352.48,8.43,3.84586
2026-02-03,4.01,7.8247,1364882,11208475,1.4958,0.987126420108096,,9.4395,,,,,,3.6155,0.0,1.4864,0.0,1507875.95,3.72,3.75755
2026-02-04,4.17,7.33237,1364882,12022379,1.4958,0.9846462725265474,,11.0849,,,,,,4.0573,0.0,1.3618,0.0,1513698.45,3.77,3.51251
2026-02-05,4.65,5.68429,1303017,11603062,1.9711,0.987231489611048,,9.4618,,,,,,3.8603,0.0,1.7078,0.0,1519515.87,4.42,2.76862
2026-02-06,5.58,7.15936,1006460,10257175,5.8738,0.9771995158772964,,32.6543,,,,,,2.8542,0.0,2.195,0.0,1232384.2,8.25,3.49225
2026-02-07,5.72,7.4527,1004168,10207201,1.1457,0.987779613534754,,21.7195,,,,,,2.5161,0.0,2.1748,0.0,1271335.16,4.06,3.56052
2026-02-08,5.15,7.22755,1016959,10228858,1.1457,0.985004157699499,,5.7541,,,,,,2.6575,0.0,2.1115,0.0,1312054.75,3.56,3.45553
2026-02-09,4.44,7.26875,1017042,10204894,6.9748,0.9868427050058396,,15.8212,,,,,,2.7104,0.0,1.7504,0.0,1307159.87,3.36,3.50395
2026-02-10,4.32,6.68814,985123,10179770,9.5254,0.986909509199916,,11.004,,,,,,,,,,,2.89,3.21395
2026-02-11,4.19,6.76567,985123,10178019,9.6664,0.9875632839377704,,11.3281,,,,,,2.7093,0.0,1.6278,0.0,1308673.0,2.9,3.24033
2026-02-12,3.94,6.76036,975592,10166001,14.4448,0.987914281518471,,5.532,,,,,,2.702,0.0,2.2093,0.0,1154213.14,2.68,3.23554
2026-02-13,3.47,7.37378,975592,9973215,0.0016,0.988640109501131,,2.5424,,,,,,2.4495,0.0,2.0484,0.0,959704.21,4.89,3.53275
2026-02-14,3.23,7.73254,1000612,10004991,0.0024,0.9886820074971724,,2.6754,,,,,,2.4822,0.0,2.1002,0.0,1018584.51,2.38,3.73906
2026-02-16,3.13,7.36632,1000612,10047461,0.0119,0.988513930311672,,2.6633,,,,,,2.4842,0.0,1.9654,0.0,1009851.19,3.95,3.52778
2026-02-17,3.0,7.30506,1001946,10050345,0.0119,0.9886373758983412,,2.5179,,,,,,2.4623,0.0,1.8604,0.0,1012877.82,1.97,3.50827
2026-02-18,2.86,7.07402,1001946,10046225,0.0418,0.988131496993088,,2.4504,,,,,,2.4406,0.0,1.6301,0.0,1051103.78,1.9,3.4004
2026-02-19,2.7,3.90936,1001946,10039142,0.0769,0.9877689382238224,,3.0572,,,,,,2.4659,0.0,0.9707,0.0,1035234.74,1.58,1.8601
2026-02-20,2.26,4.00269,1001946,10062060,0.0769,0.988464712263696,,2.8762,,,,,,,,,,,1.79,1.91775
2026-02-21,2.23,3.94005,1001284,10063401,0.6572,0.988463684181472,,2.6068,,,,,,2.4722,0.0,1.4804,0.0,820283.96,2.14,1.87499
2026-02-22,2.15,3.73395,901277,10061750,0.6572,0.9887547864718657,,2.5987,,,,,,2.4756,0.0,1.5059,0.0,842757.77,1.77,1.81255
2026-02-23,2.15,3.72707,901277,10003679,0.6572,0.9861097362314734,,2.717,,,,,,2.4897,0.0,1.4841,0.0,776064.53,1.99,1.75511
2026-02-25,1.75,4.37205,874391,9927871,0.7281,0.9862169625895338,,2.532,,,,,,2.4972,0.0,1.3682,0.0,841684.36,1.32,2.06554
2026-02-26,1.71,4.18825,874391,9903971,0.2758,0.9881544485666636,,2.2366,,,,,,2.4973,0.0,1.2152,0.0,782298.04,1.26,1.99868
2026-02-27,1.69,4.08769,872654,9891156,0.4306,0.987152617842222,,2.9139,,,,,,2.489,0.0,1.0723,0.0,782375.75,1.6,1.93155
2026-02-28,1.64,4.15288,872654,9837525,0.4306,0.987396652901465,,2.9427,,,,,,2.4875,0.0,1.0237,0.0,738190.56,1.84,2.03955
2026-03-01,1.63,4.01767,983529,9831850,0.4306,0.9880765268081024,,2.756,,,,,,2.4921,0.0,1.0399,0.0,804534.7,1.66,1.92567
2026-03-02,2.03,4.32712,829029,9678522,0.4306,0.9889162066761008,,3.667,,,,,,2.4965,0.0,1.1735,0.0,737741.4,4.85,2.07433
2026-03-03,2.42,4.31201,829029,9705944,0.4306,0.993125048144481,,2.5885,,,,,,2.4071,0.0,1.3314,0.0,726722.44,4.48,2.05893
2026-03-04,2.68,4.49351,829029,9717252,0.4306,0.992514402168904,,2.1243,,,,,,,,,,,3.63,2.09713
2026-03-05,2.99,9.42766,879406,9775374,1.0149,0.9944385378815346,,2.3721,,,,,,2.3222,0.0,1.4384,0.0,565665.14,2.88,4.48467
2026-03-06,3.32,9.0439,879406,9771376,1.9385,0.9939901180615752,,2.0539,,,,,,2.3413,0.0,1.0442,0.0,630242.68,3.91,4.35274
2026-03-07,3.41,8.69146,879406,9772157,1.9385,0.9941700891836271,,2.3062,,,,,,,,,,,3.83,4.2865
2026-03-10,3.39,8.93789,897491,9836366,0.8992,0.9989132780826724,,2.4028,,,,,,2.1193,0.0,0.2759,0.0,2252868.44,4.21,4.28162
2026-03-11,3.51,8.69228,897491,9831572,1.377,0.9973029961903832,,1.5971,,,,,,2.1863,0.0,0.2789,0.0,2433901.82,4.45,4.15007
2026-03-12,3.59,8.53927,1015230,9942728,0.3532,0.9961197680943814,,0.8217,,,,,,2.1583,0.0,0.3696,0.0,2400645.81,3.44,4.08533
2026-03-13,3.45,8.42071,1068314,10004920,1.4159,0.9972809327107154,,1.3866,,,,,,,,,,,2.95,4.03096
2026-03-14,3.38,8.22128,1078736,10015756,1.4159,0.9971342222678038,,1.419,,,,,,,,,,,1.99,3.9453
2026-03-15,3.05,8.73622,1031396,9971138,1.4159,0.9976386422443544,,1.419,,,,,,,,,,,0.31,4.21646
2026-03-16,2.68,9.07568,1064445,9955837,1.4159,0.997235772032146,,1.8279,,,,,,2.1852,0.0,1.9486,0.0,1471379.03,2.65,4.43657
2026-03-17,2.59,8.63353,1113880,10002717,1.4159,0.99711952020674,,1.8456,,,,,,2.1987,0.0,1.638,0.0,679041.59,2.36,4.30935
2026-03-18,2.28,8.19754,1113880,10008664,1.4159,0.9964870105927274,,1.8457,,,,,,,,,,,2.3,4.11183
2026-03-19,2.39,5.34427,1105389,9995586,1.2431,0.9953657740273368,,2.3492,,,,,,2.2175,0.0,0.4866,0.0,1739515.58,4.22,2.63952
2026-03-20,2.31,5.43921,1057360,9991935,1.2431,0.9964039300247332,,2.0971,,,,,,2.2107,0.0,0.476,0.0,2709634.81,2.35,2.64836
2026-03-21,2.36,5.51225,1057360,9977289,1.2431,0.9943559471035252,,2.018,,,,,,2.2116,0.0,0.4858,0.0,2630724.17,2.36,2.62165
2026-03-22,2.6,5.11066,1053716,9966637,1.2431,0.9941606813695022,,2.018,,,,,,2.2521,0.0,0.4876,0.0,2619756.78,2.01,2.4395
2026-03-23,2.76,5.46649,1037824,9548097,1.5006,0.9922431065266886,,2.0117,,,,,,2.2951,0.0,0.5954,0.0,2097834.85,3.75,2.55511
2026-03-24,2.65,5.23769,1096235,9601827,1.5006,0.9919543003638724,,1.489,,,,,,,,,,,1.61,2.59433
2026-03-25,2.52,5.19776,1146803,9610993,1.5006,0.9937198673997542,,2.0469,,,,,,,,,,,1.39,2.70532
2026-03-26,2.11,4.90836,1146803,9608751,1.8907,0.9940656469718572,,1.7475,,,,,,2.352,0.0,0.6797,0.0,2090682.26,1.33,2.52532
2026-03-27,1.99,5.12151,1145376,9566789,1.8907,0.9940656469718572,,1.7455,,,,,,,,,,,1.52,2.4498
2026-03-28,1.85,5.14181,1043343,9466100,1.8907,0.9940656469718572,,1.6156,,,,,,,,,,,1.34,2.47633
2026-03-29,1.75,5.19391,990319,9408225,1.8907,0.994079970586604,,1.6332,,,,,,,,,,,1.32,2.4881
2026-03-30,1.37,5.33197,990465,9409913,1.8907,0.994079970586604,,1.6332,,,,,,,,,,,1.1,2.54382
2026-03-31,1.31,5.38101,953895,9363169,1.837,0.9990738767093544,,1.3715,,,,,,,,,,,1.14,2.57773
2026-04-01,1.3,5.43079,944445,9349721,1.837,0.999790699267223,,1.3722,,,,,,2.3534,0.0,0.6861,0.0,1960012.97,1.37,2.59342
2026-04-02,1.3,4.37603,658587,9197330,1.9538,0.9994700377390868,,1.3723,,,,,,2.3855,0.0,0.6226,0.0,1960063.88,1.29,2.09637
2026-04-03,1.32,4.44967,657928,9214777,2.6021,0.9998340693443292,,0.8339,,,,,,,,,,,1.69,2.12408
2026-04-04,1.32,4.51589,658169,9217322,2.6021,0.9997711698875782,,0.8541,,,,,,,,,,,1.3,2.16709
2026-04-05,1.14,4.37548,658180,9188836,2.6021,0.9997164327286509,,0.8554,,,,,,,,,,,0.06,2.10199
2026-04-06,1.06,4.46405,658562,9194327,2.6021,0.9988263606888028,,0.9655,,,,,,,,,,,0.59,2.11118
2026-04-07,1.05,4.59439,645520,9190567,1.6624,0.999761121357604,,0.9701,,,,,,,,,,,1.02,2.23055
2026-04-08,1.03,4.6576,645941,9197850,3.0334,0.999496081216974,,1.3411,,,,,,,,,,,1.26,2.23141
2026-04-09,1.0,4.78223,645919,9193562,2.4579,0.9999417941393096,,1.349,,,,,,2.3237,0.0,0.4989,0.0,1960937.31,1.1,2.28742
2026-04-10,0.93,4.66513,645971,9193385,2.0539,1.0001827964099113,,1.3145,,,,,,2.3578,0.0,0.4957,0.0,1961106.45,1.21,2.2232
2026-04-11,0.92,4.69431,645934,9192350,2.0539,1.0002224150790513,,1.4492,,,,,,,,,,,1.18,2.23585
2026-04-12,1.08,4.4453,645923,9192219,2.0539,0.9996133728014416,,1.4492,,,,,,,,,,,1.19,2.11255
2026-04-13,1.21,4.82996,646130,8625900,2.4721,0.999935057665339,,1.5966,,,,,,2.3596,0.0,0.4734,0.0,1961516.13,1.49,2.35709
2026-04-14,1.42,4.96812,643292,8337043,0.1484,1.0001530792356543,,1.4572,,,,,,2.3563,0.0,0.5502,0.0,1856626.36,2.49,2.37683
2026-04-15,1.4,5.17893,642848,8332180,0.1484,0.999428715277896,,1.9243,,,,,,,,,,,1.16,2.482
2026-04-16,1.4,4.88917,642975,8334377,0.1484,0.9990498094214304,,1.8452,,,,,,2.3043,0.0,0.5358,0.0,1794920.36,1.06,2.33919
2026-04-17,1.42,5.08273,642216,8324562,0.1484,0.9994610006751096,,2.2877,,,,,,,,,,,1.41,2.44205
2026-04-18,1.36,4.84164,641914,8321054,0.1484,0.9997300693469906,,2.4584,,,,,,,,,,,0.73,2.32251
2026-04-19,1.23,4.67979,642686,8331065,0.1484,1.0000057377266578,,2.8287,,,,,,,,,,,0.31,2.24356
2026-04-20,1.07,4.91941,614902,8294256,0.1484,1.0000921862942889,,1.7427,,,,,,,,,,,0.35,2.3464
2026-04-21,0.77,4.83677,606120,8283485,0.1484,0.9961311161052174,,1.9255,,,,,,2.2189,0.0,0.4826,0.0,1814095.12,0.36,2.30932
2026-04-22,0.67,4.89734,606123,8284686,0.1484,0.99558855454453,,1.9256,,,,,,,,,,,0.47,2.3327
2026-04-23,0.58,4.71054,605925,8179937,0.4681,0.9988608407987074,,1.5709,,,,,,2.2333,0.0,0.4588,0.0,1814287.47,0.4,2.26428
2026-04-24,0.49,4.85566,606228,8093845,0.4681,0.999442592925409,,1.6626,,,,,,,,,,,0.83,2.31165
2026-04-25,0.45,4.83037,606003,8087930,0.4681,0.9974431576459086,,1.6132,,,,,,,,,,,0.4,2.31884
2026-04-26,0.46,4.95747,606103,8090224,0.4681,0.9913769783248229,,1.6133,,,,,,,,,,,0.39,2.37041
2026-04-27,0.44,4.91352,606008,8087837,0.4681,1.014487241613062,,1.6133,,,,,,,,,,,0.21,2.37629
2026-04-28,0.42,4.88605,606075,8089812,0.4681,0.9998083462665798,,1.6133,,,,,,,,,,,0.21,2.35195
2026-04-29,0.36,4.93187,605890,8082542,0.4681,0.9983692383781836,,1.6136,,,,,,,,,,,0.08,2.35916
2026-04-30,0.33,3.82923,606223,8096022,0.5592,0.9990457724337628,,1.6136,,,,,,2.2209,0.0,0.4283,0.0,1815060.23,0.17,1.83542
2026-05-01,0.23,3.81942,606401,8099419,0.5592,0.9996883522798016,,1.6138,,,,,,,,,,,0.14,1.82298
2026-05-02,0.19,3.92638,606691,8103733,0.5592,0.9998236525188192,,1.7668,,,,,,,,,,,0.15,1.87753
2026-05-03,0.16,3.88895,606944,8107214,0.5592,0.999133357499674,,1.8456,,,,,,,,,,,0.17,1.86346
2026-05-04,0.15,3.93365,597056,8081211,0.5592,0.9992326475841709,,2.179,,,,,,,,,,,0.15,1.87719
2026-05-05,0.15,4.04214,546096,8030259,0.5464,1.0000279547888646,,1.9161,,,,,,,,,,,0.21,1.9167
2026-05-06,0.17,4.16735,545965,8028380,0.5464,0.998928357627182,,1.9162,,,,,,,,,,,0.16,1.99277
2026-05-07,0.17,3.99475,546003,7980568,0.3112,0.999643353664698,,1.8954,,,,,,2.1752,0.0,0.4051,0.0,1815817.34,0.21,1.9169
2026-05-08,0.2,4.32057,545850,7980836,0.3112,0.9972848852342856,,1.925,,,,,,,,,,,0.34,2.06008
2026-05-09,0.24,4.19204,545318,7970484,0.3112,0.9992602316689568,,1.9251,,,,,,,,,,,0.44,2.00515
2026-05-10,0.26,4.34118,545179,7941615,0.3112,0.9997834961695564,,1.9455,,,,,,,,,,,0.28,2.09583
2026-05-11,0.3,4.81838,545164,7940856,0.3112,0.9989525347367362,,1.9172,,,,,,2.2094,0.0,0.4287,0.0,1797739.13,0.44,2.29955
2026-05-12,0.63,5.95749,544982,5976430,0.3112,0.9990985030034244,,2.1452,,,,,,,,,,,2.56,2.84053
2026-05-13,0.65,5.78506,544719,5973717,0.3112,0.9987634424175782,,2.0583,,,,,,,,,,,0.29,2.7813
2026-05-14,0.71,14.91046,545777,5985199,2.145,0.9995848088374196,,2.1173,,,,,,2.2618,0.0,0.3945,0.0,1797966.56,0.64,7.17747
2026-05-15,0.83,13.62513,545196,5979376,2.145,0.9992114867216666,,2.0165,,,,,,,,,,,1.19,6.52813
2026-05-16,0.86,12.90754,545900,5978548,2.145,0.9995613338227264,,2.1054,,,,,,,,,,,0.61,6.17012
2026-05-17,0.87,12.58003,545972,5979906,2.145,0.9981376946362492,,1.986,,,,,,,,,,,0.42,5.98841
2026-05-21,1.07,12.56145,555452,5989741,1.2291,0.998137473976402,,1.6007,,,,,,2.1895,0.0,0.4688,0.0,1798721.52,1.23,6.01746
2026-05-22,1.25,11.06109,2369643,7812835,1.2291,0.9989592367086324,,1.5077,,,,,,,,,,,2.45,6.01746
2026-05-23,1.39,11.02855,2426307,7888906,1.2291,0.9987143144684142,,1.5077,,,,,,2.1266,0.0,0.4475,0.0,1859750.24,1.53,6.01746
2026-05-24,1.54,11.02804,2427324,7893875,1.2291,0.9985707983763756,,1.5224,,,,,,,,,,,1.48,6.01746
2026-05-25,1.68,11.04517,2440726,7909067,1.2291,0.9989712553479118,,1.5225,,,,,,,,,,,1.64,6.01746
2026-05-26,1.85,7.02343,2510397,8029906,1.2291,0.9980442198979322,,1.4983,,,,,,,,,,,1.76,3.74587
2026-05-27,1.67,6.91749,2517616,8036187,1.2291,0.9984546684079836,,1.4983,,,,,,,,,,,1.61,3.69695
2026-05-28,1.71,5.17396,2518727,8040203,1.5795,0.9985221073877824,,1.4419,,,,,,2.1179,0.0,0.3946,0.0,1904959.1,1.51,2.73063
2026-05-29,1.62,5.89825,2579401,8206687,1.2458,0.9985981312619396,,1.442,,,,,,2.083,0.0,0.403,0.0,1905127.04,1.81,2.82343
2026-05-30,1.63,5.96712,2588524,8216344,1.2458,0.9982986800305652,,1.442,,,,,,,,,,,1.6,2.85477
2026-05-31,1.63,5.64178,2587912,8214623,1.2458,0.998802882496646,,1.4337,,,,,,,,,,,1.49,2.76551
2026-06-01,1.59,5.59639,2588959,8216066,1.2458,0.9977011358914842,,1.4369,,,,,,2.0858,0.0,0.4042,0.0,1869334.81,1.35,2.75423
2026-06-02,1.48,5.31564,2585061,8213183,1.2458,0.995890988752597,,1.446,,,,,,,,,,,1.02,2.59429
2026-06-03,1.43,5.73852,2583350,7549693,1.2458,0.9982983632830372,,1.4665,,,,,,,,,,,1.21,2.94158
2026-06-04,1.37,5.53964,2583002,7549474,1.6682,0.998832355326108,,1.4665,,,,,,2.1095,0.0,0.3605,0.0,1869641.58,1.08,2.81942
2026-06-05,1.44,5.68364,2579441,7433434,1.6682,0.999668067771562,,1.5016,,,,,,,,,,,2.34,2.81942
2026-06-06,1.42,5.70581,2548150,7400615,1.6682,0.9992977807508848,,1.5017,,,,,,,,,,,1.45,2.81942
2026-06-07,1.48,4.80593,2549412,7404396,1.6682,0.9994539878628704,,1.5017,,,,,,,,,,,1.88,2.81942
2026-06-08,1.56,4.80564,2550177,7405916,1.1503,0.9996595279454776,,1.5017,,,,,,,,,,,1.97,2.81942
2026-06-09,1.72,4.80596,2546080,7400017,1.1503,0.9990737431775778,,1.5019,,,,,,,,,,,2.14,2.81942
2026-06-10,1.83,4.80477,2545098,7399709,1.1503,0.999225356674982,,1.5019,,,,,,,,,,,1.99,2.81942
2026-06-11,1.98,5.71018,2539302,7383050,0.5339,0.9988574471771704,,1.502,,,,,,2.1007,0.0,0.3014,0.0,1870394.74,2.07,3.35717
2026-06-12,1.99,6.3961,2627486,7474678,0.5339,0.9984812366373929,,1.5695,,,,,,2.2694,0.0,0.3351,0.0,1796663.46,2.45,3.12973
2026-06-13,1.99,6.42904,2628359,7477310,0.5339,0.998694561696219,,1.5977,,,,,,,,,,,1.43,3.11816
2026-06-14,1.94,6.33051,2632712,7490580,0.5339,0.9985826652201956,,1.5978,,,,,,,,,,,1.56,3.07558
2026-06-15,1.87,5.8956,2624592,7467718,0.5339,0.9989145123762864,,1.599,,,,,,2.3954,0.0,0.2964,0.0,1915722.47,1.45,3.10434
2026-06-16,1.73,5.84876,2632005,7488934,0.5339,0.9984776854145164,,1.63,,,,,,2.2706,0.0,0.2857,0.0,2113182.66,1.14,3.17376
2026-06-17,1.58,5.51362,2631592,7488340,0.5339,0.9990458993530912,,1.63,,,,,,,,,,,0.96,2.97792
2026-06-18,1.42,5.49875,2630417,7485297,0.627,0.9948977543767504,,1.6301,,,,,,2.2573,0.0,0.28,0.0,2123305.13,0.99,2.94201
2026-06-19,1.22,5.18308,2630657,7486381,0.627,0.998604635255728,,1.6303,,,,,,,,,,,0.99,2.79118
2026-06-20,1.15,5.18823,2630564,7486375,0.5965,0.9930833535888004,,1.6303,,,,,,2.2558,0.0,0.2934,0.0,2064924.24,0.99,2.8
2026-06-21,1.11,5.16439,2630540,7487128,0.5965,0.9984649262229948,,1.6303,,,,,,,,,,,0.98,2.71712
2026-06-22,0.95,5.0833,2631601,7489964,0.5965,0.994114805345899,,1.6306,,,,,,,,,,,0.62,2.71411
2026-06-23,0.84,4.96735,2630520,7486364,0.5965,0.9899421211451248,,1.6306,,,,,,,,,,,0.35,2.6788
2026-06-24,0.76,4.77648,2620764,7476559,0.5965,0.9963632690715768,,1.6471,,,,,,2.254,0.0,0.3401,0.0,2000947.4,0.44,2.55916
2026-06-25,0.71,5.4956,2618101,7506382,0.7837,0.9980197499393644,,2.2925,,,,,,2.254,0.0,0.3604,0.0,1999142.68,0.6,3.23466
2026-06-26,0.63,5.4509,2618731,7508690,0.7837,0.9985807819965076,,2.2028,,,,,,2.1794,0.0,0.3548,0.0,1971170.32,0.42,3.22003
2026-06-27,0.55,5.38079,2619344,7510877,0.7837,0.998580509834602,,1.9632,,,,,,,,,,,0.44,3.20319
2026-06-28,0.42,5.36055,2619500,7511629,0.7837,0.9983972641505804,,1.9123,,,,,,2.1648,0.0,0.3867,0.0,1870534.18,0.08,3.15758
2026-06-29,0.42,5.35082,2619445,7514092,0.7837,0.9983116765068392,,1.9124,,,,,,,,,,,0.6,3.17231
2026-06-30,0.5,5.34345,2619445,7510587,0.7837,0.9963251264954288,,1.9124,,,,,,,,,,,0.92,3.17231
2026-07-01,0.57,5.72822,2619445,7513807,0.7837,0.9982433015815952,,1.9784,,,,,,,,,,,0.9,3.17231
2026-07-02,0.65,5.71207,2619445,7473314,0.118,0.9982975699259512,,1.5519,,,,,,2.169,0.0,0.3528,0.0,1767081.52,1.17,3.17231
2026-07-03,0.78,5.73045,2619445,7474511,3.0701,0.9969680740981942,,1.6358,,,,,,,,,,,1.34,3.17231
2026-07-04,0.92,5.56731,2618954,7050368,2.4103,0.9984691762432184,,1.8236,,,,,,,,,,,1.41,3.17231
2026-07-05,1.1,5.55529,2619010,7050810,2.4103,0.998298718775647,,1.8242,,,,,,2.1778,0.0,0.387,0.0,1805699.58,1.37,3.17231
2026-07-06,1.21,5.56303,2618954,7049444,2.4103,0.998188148414138,,2.0802,,,,,,,,,,,1.32,3.17231
2026-07-07,1.26,5.56274,2619789,7046429,2.5129,0.99915008915492,,2.0803,,,,,,2.1744,0.0,0.3902,0.0,1828459.05,1.33,3.17231
2026-07-08,1.32,5.56106,2619210,7045421,2.5129,0.9989298152060884,,1.2181,,,,,,,,,,,1.34,3.17231
2026-07-09,1.36,5.55385,2621037,7050842,2.6099,0.9990702263444654,,1.3585,,,,,,2.1916,0.0,0.3558,0.0,1817418.88,1.44,3.17231
2026-07-10,1.35,6.81866,2621888,7050484,1.7699,0.9992082308789212,,2.1349,,,,,,2.1904,0.0,0.3562,0.0,1843883.32,1.26,3.8074
2026-07-11,1.33,6.96948,2621568,7064646,2.0881,0.9992635522618656,,2.1211,,,,,,,,,,,1.25,3.86408
2026-07-12,1.31,6.79076,2615221,7060404,2.0881,0.9969344128215072,,2.1211,,,,,,,,,,,1.23,3.79809
2026-07-13,1.23,6.97654,2614515,7058240,2.0881,0.998412476399854,,2.1044,,,,,,,,,,,0.76,3.88327
2026-07-14,1.1,7.30061,2615820,7062981,2.0881,0.9986625439680502,,2.0977,,,,,,2.1674,0.0,0.3005,0.0,1860896.49,0.46,4.09815
2026-07-15,0.97,7.06995,2616017,7063568,2.0881,0.9942731291867182,,2.0977,,,,,,,,,,,0.42,3.95747
2026-07-16,0.87,7.07329,2615417,7062926,2.1355,0.9977163788312324,,2.0978,,,,,,2.1541,0.0,0.3659,0.0,1861112.59,0.48,4.05294
2026-07-17,0.74,7.5729,2673850,7049958,2.1872,0.9990354536128244,,2.228,,,,,,,,,,,0.57,3.94104
2026-07-18,0.65,7.45291,2613972,6991693,2.3326,0.999018093311168,,2.182,,,,,,,,,,,0.61,3.88405
2026-07-19,0.55,7.41548,2613636,6990339,2.3326,0.9992290233190116,,2.182,,,,,,,,,,,0.53,3.88829
2026-07-20,0.5,7.61905,2612732,6988718,2.3326,0.9980744566390032,,2.3564,,,,,,,,,,,0.44,3.96364
2026-07-21,0.5,7.48795,2613379,6990555,2.3326,0.9992597889372185,,2.3507,,,,,,,,,,,0.42,3.91435
2026-07-22,0.49,7.51428,2572438,6906668,2.3326,0.9993439340330929,,2.3507,,,,,,,,,,,0.41,3.91435
2026-07-23,0.49,6.41905,2571712,6905113,3.2101,0.9992140403718084,0.0099,2.2455,,,,,,2.1767,0.0,0.3325,0.0,1861889.54,0.43,3.34612
2026-07-24,0.48,6.15336,2735728,7041876,3.2101,0.9984098495529428,0.0163,2.1715,,,,,,,,,,,0.51,3.17462
2026-07-25,0.47,5.97705,2734943,7540012,3.2101,0.9978816592780544,0.014,2.2238,,,,,,,,,,,0.54,2.98143
2026-07-26,0.46,6.10545,2733413,7536777,3.2101,0.9989381977279445,0.9703,2.2284,,,,,,2.1983,0.0,0.373,0.0,1839718.9,0.45,3.07404
2026-07-27,0.46,4.99162,2732319,7533985,3.2101,0.998690551108492,1.5744,2.2286,,,,,,,,,,,0.46,2.99909
2026-07-28,0.45,5.17284,2731934,7580771,2.1745,0.9982350239146212,1.5527,2.2346,,,,,,,,,,,0.38,3.10368
2026-07-29,0.44,5.03579,2731592,7580145,2.1745,0.998497681420578,1.5726,2.214,,,,,,2.2552,0.0,0.4651,0.0,1802021.16,0.32,3.02257
2026-07-30,0.43,5.19821,2716879,7567074,2.1795,0.998888752119174,1.5761,2.2103,,,,,,2.272,0.0,0.4669,0.0,1801798.46,0.38,3.11184
2026-07-31,0.44,5.06002,2716498,7565215,2.1795,0.998924541927942,1.7764,2.2546,2.0818,0.0,0.5147,0.0,532983.16,,,,,,0.54,3.04543
2026-08-01,0.46,4.93883,2674636,7526841,2.1795,0.9987797172077952,2.0639,2.1983,,,,,,,,,,,0.68,2.95137
2026-08-02,0.47,5.0348,2675358,7583881,2.1795,0.998839428512242,2.064,2.1983,,,,,,,,,,,0.5,2.98772
2026-08-03,0.47,4.96386,2723736,7630408,2.1795,0.9988447777585404,2.0642,2.199,,,,,,,,,,,0.45,2.97245
2026-08-04,0.48,4.9141,2722697,7751228,2.1795,0.9989114564830018,2.2016,2.1987,2.2726,0.1693,0.6032,0.0002,952471.8,,,,,,0.47,2.92725
2026-08-05,0.5,4.91975,2721244,7747523,2.1795,0.9905794726248156,1.9109,2.2262,,,,,,2.2771,0.0,0.6489,0.0,1802525.09,0.49,2.91662
2026-08-06,0.56,14.40605,2764365,7942918,2.1764,0.989880925212912,1.9245,2.4913,2.3739,0.8402,0.7066,0.0008,1106301.81,2.3752,0.8746,0.9326,0.0009,1786721.84,0.96,8.5272
2026-08-07,0.73,13.38706,3217747,8506675,2.1764,0.9903472351227148,1.9133,2.7087,2.3798,1.0329,0.3423,0.001,2054862.23,,,,,,1.54,8.24943
2026-08-08,0.73,14.31969,3214421,8494779,2.1764,0.9885814512510084,1.2441,3.109,2.4046,1.6542,0.2268,0.0017,3507956.82,2.4049,1.8198,0.7871,0.0018,2005797.78,0.7,8.86009
2026-08-09,0.72,15.07453,3230480,8557075,2.1764,0.9893769999172626,1.4406,2.7231,,,,,,,,,,,0.44,9.17532
2026-08-10,0.8,15.1859,3469474,8898625,2.1764,0.9889702391457492,1.8962,2.5124,2.4109,1.2457,0.1663,0.0012,4079287.8,,,,,,1.0,9.6874
2026-08-11,0.82,15.30526,3511285,9042633,2.1764,0.9892554774347136,2.0175,2.8118,,,,,,2.4109,2.4597,0.4762,0.0025,2761954.76,0.63,9.60275
2026-08-12,0.94,12.84077,3520225,9062865,2.4959,0.9875992218433528,1.9757,2.4364,2.4051,1.8086,0.1231,0.0018,5176147.54,2.4007,1.8889,0.3657,0.0019,3553845.84,1.3,8.0273
2026-08-13,0.88,11.98991,3520760,9316053,2.4959,0.9883846234449248,2.0417,2.1761,2.4109,1.7013,0.3956,0.0017,6143164.5,2.4109,2.1227,0.4919,0.0021,3654094.47,0.58,7.35293
2026-08-14,0.76,11.32508,3551266,9340894,1.9373,0.9866746437192164,2.0792,2.1396,2.4109,1.5843,0.3684,0.0016,6598808.16,2.4109,2.2059,0.5111,0.0022,3254414.34,0.69,6.9073
2026-08-15,0.72,11.34795,3549898,9341663,1.9373,0.9861428283624554,2.0964,2.1398,2.4109,1.5995,0.372,0.0016,6782297.15,,,,,,0.43,6.93799
2026-08-16,1.08,11.75588,3511628,9384724,3.8367,0.9892047000019198,2.3191,3.7373,2.4059,1.5019,0.3493,0.0015,6642265.87,2.4072,2.1903,0.5075,0.0022,3029184.66,2.95,7.11911
2026-08-17,1.04,11.33668,3468342,9537093,2.0614,0.9891050293028694,2.0229,3.1516,2.4098,1.3105,0.3048,0.0013,7362909.6,2.4093,1.8868,0.4372,0.0019,3349573.95,0.75,6.7503
2026-08-18,1.01,11.29913,3467470,9530113,3.6823,0.9888639263421868,2.137,3.2454,2.4105,1.3828,0.2715,0.0014,8272376.41,2.4105,2.3294,0.3659,0.0023,3995352.82,0.39,6.72997
2026-08-19,1.1,13.63089,3470788,9673003,3.5206,0.9898305539777535,2.1823,3.5637,2.4092,1.5356,0.3016,0.0015,8413536.75,2.4095,2.0879,0.328,0.0021,4264587.73,1.96,6.97274
2026-08-20,1.23,12.95453,3569142,10104225,2.726,0.9899627304679286,2.3139,3.866,2.3721,1.5253,0.5536,0.0015,8628937.27,2.3532,2.3264,0.506,0.0023,4609468.18,1.47,6.44973
2026-08-21,1.24,15.14083,4044250,10875280,3.0062,0.9901130807511972,2.0335,3.1453,2.4034,1.4383,0.5221,0.0014,8790145.99,2.4092,2.1849,0.4753,0.0022,4985260.25,0.75,7.24925
2026-08-22,1.36,14.97021,4290450,10881312,2.7345,0.98967829475233,2.0914,2.866,2.4005,1.4018,0.5088,0.0014,9238067.1,2.4017,2.1454,0.4667,0.0021,5070372.3,1.29,7.33412
2026-08-23,1.02,13.65764,4301593,10908483,2.7345,0.9902590983454056,2.0916,3.0215,2.4027,1.417,0.5143,0.0014,9312724.86,2.4041,2.1004,0.4568,0.0021,5230960.49,0.53,7.19986
2026-08-24,1.19,13.97184,4370203,10972587,1.1206,0.9899279038660724,2.5718,1.8696,2.4076,1.4191,0.5151,0.0014,9368047.84,2.4072,1.8477,0.4019,0.0018,5850794.84,1.93,7.2064
2026-08-25,1.3,13.36252,4362950,10981537,3.0854,0.9900805847108204,2.3716,2.4508,2.4046,1.4194,0.5152,0.0014,9602048.74,2.4031,1.5133,0.4395,0.0015,5864361.48,1.19,6.80664
2026-08-26,1.06,13.17963,4364282,11046096,2.7448,0.9904054827306574,2.3393,2.4508,2.4059,1.517,0.5077,0.0015,9516627.45,2.404,1.4991,0.4353,0.0015,5521642.56,0.1,6.68658
2026-08-27,0.85,13.71332,4471544,11037771,1.5246,0.9899951066801166,2.6799,3.5538,2.6376,1.4912,0.6091,0.0015,9602966.56,2.6096,1.5244,0.6287,0.0015,5471671.7,0.14,6.98822
2026-08-28,0.94,12.54592,4852413,11416372,2.8153,0.9895764464735132,2.2739,4.2454,2.8051,1.3788,0.5632,0.0014,9926036.88,2.8089,1.5223,0.6278,0.0015,5456360.87,1.41,6.2748
2026-08-29,0.81,12.50382,4865255,11470299,2.8153,0.9897109990207988,2.2581,4.2455,2.8066,1.3649,0.5575,0.0014,10223627.91,2.8104,1.498,0.6178,0.0015,5436018.98,0.42,6.25139
2026-08-30,0.79,12.3947,4864764,11465683,2.5692,0.99033085376101,2.2928,4.4421,2.8111,1.4078,0.575,0.0014,10300158.38,2.8108,1.4094,0.5812,0.0014,5575123.3,0.39,6.13724
2026-08-31,0.56,13.84165,4866882,11491892,2.5229,0.9896804839591004,2.6639,1.9082,2.8127,1.3911,0.5682,0.0014,10212571.94,2.8126,1.361,0.5613,0.0014,5884322.68,0.29,6.92128
2026-09-01,0.57,15.03801,4887514,11564728,2.6474,0.9894893420319832,2.53,2.0775,2.8118,1.3756,0.5619,0.0014,10250048.88,2.8115,0.0,0.5769,0.0,6017679.23,1.26,7.49414
2026-09-02,0.67,13.91922,4886279,11540698,2.231,0.9891820937649314,2.5958,2.2264,2.8079,1.2797,0.5548,0.0013,10401962.29,2.8084,1.245,0.5559,0.0012,5877196.67,0.78,7.32576
2026-09-03,0.85,16.38346,6047481,12687356,1.9437,0.9895795199811548,2.2073,2.3987,2.812,1.0968,0.5213,0.0011,10563551.57,2.8116,1.2516,0.5934,0.0013,5791639.52,1.42,8.82299
2026-09-04,0.75,14.41562,6005998,12785492,2.1244,0.9898835896428264,2.8939,2.53,2.8125,1.1606,0.5517,0.0012,11246930.31,2.8124,1.1315,0.5365,0.0011,5987808.1,0.69,8.67841
2026-09-05,0.76,16.04815,6026458,12804885,2.4645,0.9901840222235496,2.9823,2.5356,2.8115,1.1144,0.5297,0.0011,11147658.73,2.812,1.1101,0.5263,0.0011,6226394.85,0.52,9.15198
2026-09-06,0.79,16.10506,6031918,12947889,2.4741,0.990084603337478,2.8551,2.6074,2.812,1.197,0.569,0.0012,11144889.43,2.8119,1.1375,0.5393,0.0011,6040651.87,0.58,9.04571
2026-09-07,0.85,16.36538,6035715,12975949,2.5208,0.9904884261433652,2.982,2.7641,2.8065,1.2596,0.5987,0.0013,10961278.05,2.8096,1.2447,0.5901,0.0012,6095249.92,0.67,8.589
2026-09-08,0.74,15.86084,6086396,13052814,1.7796,0.9897955538916128,2.6665,2.7641,2.8041,1.2505,0.5944,0.0013,11122449.53,2.8076,1.4585,0.5919,0.0015,6153451.18,0.5,8.43914
2026-09-09,0.69,14.52495,6090448,13083430,3.0986,0.9898583228800186,2.8998,2.7642,2.8064,1.1974,0.5589,0.0012,11566756.38,2.8054,1.4337,0.5818,0.0014,6324012.85,0.42,8.33758
2026-09-10,0.56,14.70638,6129068,13133372,3.0987,0.9894351380275288,2.8497,2.7648,2.7969,1.1883,0.5927,0.0012,12018922.0,2.8003,1.3566,0.5751,0.0014,6412992.29,0.54,7.89855
2026-09-11,0.57,14.38801,6228316,13190541,3.0987,0.9894927639368734,2.9421,2.7648,2.7962,1.1956,0.5963,0.0012,11991682.98,,,,,,0.74,7.65817
2026-09-12,0.58,14.35497,6231380,13242441,3.8934,0.9896192487245612,2.9073,2.7649,2.8071,1.2018,0.5994,0.0012,11901932.89,2.8052,1.3651,0.5787,0.0014,6568081.2,0.59,7.64752
2026-09-13,0.58,14.85117,6130435,13243285,3.774,0.989752348544408,2.8038,2.7649,2.798,1.2058,0.6014,0.0012,12028166.88,,,,,,0.62,7.92604
2026-09-14,0.67,15.64247,6040523,13306696,3.2949,0.9896235662176288,2.526,2.9428,2.8034,1.1785,0.5878,0.0012,12189122.46,2.8049,1.4328,0.6074,0.0014,6666804.25,1.29,7.96472
2026-09-15,0.7,14.10477,6041679,13341527,3.5245,0.989022670486136,2.7588,2.9429,2.8092,1.2113,0.6042,0.0012,12424443.6,2.8084,1.4471,0.6135,0.0014,6690340.25,0.69,7.23098
2026-09-16,0.75,13.74065,6128639,13432075,3.7996,0.9898937046765962,2.5379,2.943,2.807,1.2433,0.5699,0.0012,12560303.79,,,,,,0.75,7.00781
2026-09-17,0.79,14.43636,6134249,13440826,3.4881,0.9896557949516264,2.5481,2.9436,2.8074,1.2972,0.6315,0.0013,12678235.89,2.8064,1.3997,0.6103,0.0014,6811320.09,0.83,7.29802
2026-09-18,0.8,14.91392,6349264,13708682,3.4881,0.9899418144660642,2.5462,2.9437,,,,,,2.7996,1.442,0.6288,0.0014,6833748.88,0.85,7.5187
2026-09-19,0.86,14.77817,6384440,13786770,3.6211,0.9896910919605468,2.5647,2.9437,2.8034,1.3653,0.6647,0.0014,12692914.48,2.8041,1.4901,0.6497,0.0015,6930852.51,0.97,7.48961
2026-09-20,0.88,15.51028,6463982,13865084,3.6211,0.9895860720533612,2.5592,2.9444,2.8059,1.3413,0.653,0.0013,12652754.19,2.8066,1.4581,0.6358,0.0015,7056996.13,0.8,7.91369
2026-09-21,0.83,15.76674,6448188,13866196,3.6211,0.9896316155762556,2.5582,2.9445,2.805,1.3745,0.6692,0.0014,12657217.47,2.8074,1.4674,0.6398,0.0015,7077704.0,0.9,8.00253
2026-09-22,0.86,15.3943,6441468,13858771,2.793,0.9893185896613303,2.5282,2.9446,2.8076,1.3917,0.6775,0.0014,12695138.11,2.8074,1.308,0.6535,0.0013,7163100.92,0.96,7.94519
2026-09-23,0.9,14.04613,6459894,13865340,3.3642,0.9900038590285954,2.7672,2.9446,2.8113,1.3881,0.6975,0.0014,12434144.25,2.8102,1.3151,0.6571,0.0013,7071421.71,0.96,7.09923
2026-09-24,0.89,14.51866,6463776,13915422,5.0932,0.9895221507646772,2.6919,2.9454,2.8069,1.3632,0.7041,0.0014,12234448.02,2.8074,1.2991,0.6801,0.0013,7041967.56,0.8,7.54674
2026-09-25,0.89,14.33752,6862277,14313946,4.9495,0.9895576185798172,2.8526,2.9454,2.9801,1.362,0.7034,0.0014,12411624.19,2.9829,1.2873,0.6739,0.0013,7134504.57,0.84,7.38444
2026-09-26,0.89,14.1692,6887121,14299215,2.5817,0.9898230775817812,3.1111,2.9455,2.9818,1.3545,0.6995,0.0014,12540295.79,2.9823,1.2767,0.6683,0.0013,7163102.52,0.99,7.2348
2026-09-27,0.9,14.4624,6938039,14349631,2.9357,0.9898850144831632,2.8424,3.1284,2.9738,1.3215,0.6825,0.0013,12709153.36,2.9816,1.2715,0.6656,0.0013,7285891.62,0.86,7.42001
2026-09-28,0.87,14.7941,6967915,14395164,2.9357,0.9897964047789704,3.2062,3.1803,,,,,,,,,,,0.69,7.69107
2026-09-29,0.96,15.82602,6995079,14422263,5.8324,0.984368513805012,2.8568,4.7315,2.9759,1.1705,0.6045,0.0012,13550413.28,2.9802,1.2186,0.6402,0.0012,7164023.13,1.6,7.94121
