id,strategy,protocols,chain,yield_source,headline_apy,deciding_issue,status,name
C1,PT-USD3 loop (~1.2x),"Pendle, Morpho",Ethereum,USD3 senior credit PT yield + carry,~14% at $1.5M,C6: ~75% off-chain SMB/consumer credit,Rejected,
C2,Re Protocol reinsurance PT loop,"Pendle, Morpho",Ethereum,Reinsurance-backed PT yield,11.5% unlevered,"C6 reinsurance excluded, C1",Rejected,Re Protocol reinsurance PT loop
C3,PT-sUSDat,Pendle,Ethereum,STRC preferred dividends,13.1%,"C3 pool $1.35M, C6, M3",Rejected,
C4,Axis sUSDx staking,Axis,Ethereum,CEX and cross-venue arbitrage,22.9% 30d avg,CeFi arbitrage. Whether it counts as an on-chain yield source is a team decision,Team discussion,
C5,"reUSD/scrvUSD LP, Resupply reUSD funding hedge","Curve, Stake DAO, Resupply",Ethereum,"LP fees, CRV, Resupply borrow rewards, crvUSD lending","13.4% since 31 Jul (reconstructed, 80% borrowed)","reUSD below par since Aug (low 0.82 in Apr), no audit since exploit",On hold: reUSD liquidity,
C6,DUSD/frxUSD LP on Stake DAO,"Curve, Stake DAO",Ethereum,CRV emissions,15.8% now,Pool $4.7M: fits about $0.5M to $1M,Needs data or monitoring,
C7,aHYPER loop,"Accountable, Hyperithm, Morpho",Monad,Managed delta-neutral book,11.5% unlevered,"C1, C3, C8",Rejected,
C8,bUSD0 loop on Fira,"Usual, Fira",Ethereum,Pull-to-par on discounted bUSD0,~15% advertised,"C4 exit, M1 mark-to-market",Rejected,
C9,40 Acres USDC vault,"40 Acres, Aerodrome",Base,Aerodrome fees and bribes,12% to 16% typical,"Vault often at 100% utilization, exits wait for repayments",Needs data or monitoring,
C10,Accountable USDC vault,Accountable,Monad,Unidentified manager,16.9% 30d avg,Manager and strategy not disclosed,Needs data or monitoring,
C11,Flowdesk Confidential USDT vault,"Morpho, Flowdesk",Ethereum,USDT lending + rewards,13.8% incl. rewards,Only about $0.6M instantly withdrawable,Needs data or monitoring,
C12,Hedged Aerodrome v2 LP,Aerodrome + perps,Base,"Fees and emissions, hedged",Up to 131% APY at 4x,"Up to 131% APY at 4x, needs automated hedging",Requires automation,
C13,Aave v4 USDT loop,Aave v4,Avalanche,~98% WAVAX incentives,~10% at size,"Incentive programme about one month old, dilutes at size",Needs data or monitoring,
C14,PT-sUSDx (Axis),"Pendle, Axis",Ethereum,Fixed yield on CeFi arbitrage,19.6% fixed,"Same yield-source question as C4, market under one month old",Team discussion,
C15,Lend HYBOND on Euler,"Euler, OpenEden, Merkl",Ethereum,EDEN incentives,40.7% in EDEN,"C6 corporate bonds, C7 must hold EDEN",Rejected,
C16,LlamaLend stable loops (5 markets),Curve LlamaLend,Ethereum,Collateral yield minus crvUSD borrow,7.5% best at $1.5M,C3 (exact rate curves),Rejected (too small at $1.5M),
C17,PT-AUSD loop on Aave,"Aave, Pendle",Monad,PT fixed yield minus borrow,PT 6.7%,"C3 PT pool $2.1M, expiry 8 Oct",Rejected,
C18,GHO/USDT0 loop,Aave,Plasma,GHO supply + incentives minus USDT0 borrow,~6% to 7.5% at size,"C3 dilution, C4 free GHO $3.5M",Rejected,
C19,fxSAVE loop,"Morpho, f(x)",Ethereum,fxSAVE yield minus USDC borrow,~7.4% at 1.3x,"C1, C3",Rejected,
C20,USDat PT and sUSDat loops,"Morpho, Euler","Monad, Ethereum",STRC preferred,8% to 10%,C6,Rejected,
C21,"USD1 carry, two positions",Dolomite,Ethereum,Lending spreads + WLFI Merkl rewards,"15.3% (22 Apr to 29 Sep, 3x, guardrails)","WLFI reward budget unconfirmed, WLFI-backed debt, Dolomite admin",On hold: USD1 carry,
C22,"HYPE funding carry, portfolio margin",Hyperliquid,Hyperliquid,Funding,Not presented,Funding carry needs automated hedging and rebalancing,Requires automation,
C23,PURR funding carry sleeve,Hyperliquid,Hyperliquid,Funding,Not presented,"Small market, needs automated ladder and hedging",Requires automation,
C24,sUSDat staking,Saturn,Ethereum,STRC preferred dividends,13.9% now,"C6 RWA, M3",Rejected,
C25,USDC / USDSUI single loop (either direction),Current,Sui,Lending spread + SUI rewards,14.0% to 14.9% at zero size,"Dilutes to 9% to 10% at $1.5M, USDSUI price risk, DEX depth",Rejected,
C26,"USDC / USDSUI carry, two Multiply vaults",Current,Sui,Lending spread + SUI rewards on both deposits,"14.8% at 3.5x, $1.5M (Sep conditions)","Young protocol (Mar 2026), rewards about 63% of gross",Selected: Current carry,
