t,c_borrowAPY,c_supplyAPY,c_utilization,c_totalSupply,c_totalBorrow,c_tokenPrice,c_supply_usd,c_borrow_usd,c_reward,s_borrowAPY,s_supplyAPY,s_utilization,s_totalSupply,s_totalBorrow,s_tokenPrice,s_supply_usd,s_borrow_usd,s_reward,month
2026-03-23,0.500000000256,0.0,0.0,1007921000.0,0.0,0.9999566950000001,0.001007877351981095,0.0,0.0,0.500000000256,0.0,0.0,91941589.0,0.0,0.9999566950000001,9.193760746948836e-05,0.0,0.0,2026-03
2026-03-24,0.5220663139368,0.001725126948,0.004697589705252448,10304666457.375,52053534.875,0.99993161,0.01030396172123598,5.20499749337499e-05,0.0,1.8896249114945998,0.5127438944304,0.24590335453977388,167086290.0,45549753.666666664,0.99993161,0.0001670748629686269,4.55466385190134e-05,0.0,2026-03
2026-03-25,0.534066075063,0.0025878017178000002,0.006056191176106919,14184505492.333334,85716890.79166667,0.9998728233333334,0.014182701554206504,8.570598960321877e-05,0.0,1.942476343686,0.46299873550680004,0.2564402391835281,182653701.33333334,46840725.083333336,0.9998728233333334,0.00018263047204444347,4.683476803605299e-05,0.0,2026-03
2026-03-26,2.2307443964118,0.7738236623952001,0.30768789291031323,23557447722.416668,8460053675.375,0.999846615,0.023553834363297766,0.008458756030042003,0.0,0.246022761276,0.0341549244648,0.0538173916730188,5240374501.125,15849094.0,0.999846615,0.005239570706282145,1.584666298671681e-05,0.0,2026-03
2026-03-27,2.4096930632118,0.7885582306974,0.33900824609660846,465894028523.9167,99861490459.0,0.9997932666666668,0.4657977126984199,0.0998408457602058,0.0,0.0,0.0,0.0,45419423222.041664,0.0,0.9997932666666668,0.0454100335132809,0.0,0.0,2026-03
2026-03-28,2.2521537701424,0.5731999746894,0.31114847669258033,2043715376881.625,644852639992.875,0.9997983704166667,2.0433033034017325,0.6447226186237618,0.0,0.0,0.0,0.0,472618238178.8333,0.0,0.9997983704166667,0.4725229443603936,0.0,0.0,2026-03
2026-03-29,2.488497602688,0.7053131269026001,0.35350503123181914,2670185399213.25,942130776172.125,0.9997891516666667,2.669622395072135,0.9419321294681872,0.0,0.0,0.0,0.0,829264125687.6666,0.0,0.9997891516666667,0.8290892767288723,0.0,0.0,2026-03
2026-03-30,2.5058647266282,0.717067660545,0.3565981921456607,3028669922170.5,1081043537080.5834,0.9997528887500001,3.0279215037601954,1.080776399060831,0.0,0.0,0.0,0.0,935315126894.0416,0.0,0.9997528887500001,0.935084000003891,0.0,0.0,2026-03
2026-03-31,2.5875917776548003,0.7712172763812,0.3693390476920189,3169890123336.375,1164779209729.0417,0.9996821629166667,3.1688826147050864,1.1644089997022942,0.0,0.0,0.0,0.0,932226404558.9166,0.0,0.9996821629166667,0.9319301084374854,0.0,0.0,2026-03
2026-04-01,2.5238139301389912,0.7266101893168696,0.357235903457086,3415133218403.478,1219875849591.3044,0.9997889639130435,3.414412502052631,1.219618411765434,0.0,0.0,0.0,0.0,938499266234.0,0.0,0.9997889639130435,0.9383012090212425,0.0,0.0,2026-04
2026-04-02,2.3259582116442,0.6058303730964,0.3248958237589408,3886675705246.7915,1257455557084.4583,0.99988758625,3.8862387894557306,1.2573142017898278,0.0,0.0,0.0,0.0,975651818270.75,0.0,0.99988758625,0.9755421415911638,0.0,0.0,2026-04
2026-04-03,2.2914026949635997,0.5841755726796,0.3184477104218975,4295054533169.4585,1366647360266.1667,0.9999125974999999,4.294679134665623,1.366527911870261,0.0,0.7043729045832,0.0495183538512,0.05841196330880286,1070740207877.7084,64233878580.166664,0.9999125974999999,1.0706466225066893,0.06422826437859405,0.0,2026-04
2026-04-04,2.315839232592,0.5984449353126,0.32281578078236045,4334534948964.2915,1398344644235.0417,0.9999110516666666,4.334149399304805,1.3982202638095114,0.0,1.6324439465682,0.272501451216,0.20132336852870203,1105965932821.7083,222498451431.125,0.9999110516666666,1.1058675589952602,0.22247866056470092,0.0,2026-04
2026-04-05,2.4100465395924,0.6604984586429999,0.3395752739155004,4525499250115.625,1529942834884.7917,0.9999027225,4.525059020862322,1.5297940058706712,0.0,3.29589500472,1.3294437515784,0.4962489864055608,1292838228412.6667,649228414665.2084,0.9999027225,1.2927124643419023,0.6491652593481009,0.0,2026-04
2026-04-06,2.4997710329694,0.7120876663764,0.3555792017615875,4483583435820.5,1591004448447.5833,0.9999019616666667,4.483143872773091,1.5908484690231315,0.0,3.7202182577514002,1.7038102688226,0.5724831626058439,1408236590061.25,806196179825.0834,0.9999019616666667,1.4080985288930215,0.8061171416952737,0.0,2026-04
2026-04-07,2.5996791281814,0.7781778614358,0.37291822351631326,4639492759905.292,1730022729791.2083,0.9998956175,4.639008478052281,1.7298421456936157,0.0,3.3302247688422,1.3513146580854,0.5031510703033059,1608005724148.875,802151529121.8334,0.9998956170833333,1.6078378758213716,0.802067798205615,0.0,2026-04
2026-04-08,2.5615468952226,0.7531202751102,0.3663114440666662,4710618035601.917,1720903930211.9583,0.9999034629166667,4.710163286276062,1.7207377991658386,0.0,3.4404351919650003,1.4582008096902002,0.523196633020162,1615086916801.7083,841561967327.3334,0.9999034629166667,1.6149310010214304,0.8414807253895633,0.0,2026-04
2026-04-09,2.5252354359288005,0.7285146838919999,0.3591373606305663,4882996337617.875,1752494944753.9167,0.9998625779166668,4.8823253060882505,1.7522541132475777,0.0,3.6797290002377996,1.6746191313875998,0.5652861950513716,1554915555873.875,878945940725.25,0.9998625779166668,1.5547018761387796,0.8788251541429383,0.0,2026-04
2026-04-10,2.6566612604963997,0.8158482423162,0.38345289023022655,4943803309594.75,1895142225419.6667,0.9998669637500001,4.943145604541704,1.8948901028047802,0.0,4.0377111885414,2.0678316358158,0.6286385005917084,1611612039537.9583,1020476479203.5834,0.9998669637500001,1.6113976367157634,1.020340718839577,0.0,2026-04
2026-04-11,2.7456948187722,0.8773073551458,0.3992313354774823,4860262702863.583,1939863002561.5,0.9998453133333333,4.859510885026952,1.9395629316198437,0.0,4.7973487873626,2.9335590729396,0.7639731181998385,1676534089565.5,1281451968832.25,0.9998453133333333,1.676274752095632,1.2812537452986978,0.0,2026-04
2026-04-12,2.5432766910125997,0.7409934181224,0.3628274930698741,4253926839996.7915,1547280084596.8333,0.9998453420833333,4.253268936534065,1.5470407854824497,0.0,6.4884093907914,4.1697203707674,0.7936902937655194,1150660253009.4167,908541318268.25,0.9998453420833333,1.1504822942918953,0.9084008051607609,0.0,2026-04
2026-04-13,2.5110868728635998,0.7196386301856,0.3575257808576941,4564167054837.167,1627966670889.2917,0.99980133,4.563260291768382,1.627643242750786,0.0,4.6741585848588,2.7751377642030004,0.7419394870373776,1075983581087.5834,798361169999.625,0.99980133,1.0757698154295288,0.7982025595859812,0.0,2026-04
2026-04-14,2.5346752502976,0.7335416396322001,0.361718024185204,5021351595542.833,1816172839653.1667,0.9997543975,5.020118339037589,1.8157267830633157,0.0,5.624347702795199,3.5689733619858,0.7884457038851534,1077038323611.5834,848907698623.4166,0.9997543975,1.0767738003067084,0.8486992047703655,0.0,2026-04
2026-04-15,2.6142349161402,0.7880545081403999,0.37482237631298704,5020884402658.083,1879084927129.625,0.9997722266666668,5.019740779081409,1.8786569216921565,0.0,5.0071288584546,3.0608432199648,0.7651274296109941,1162443987733.5,887786051381.3334,0.9997722266666668,1.1621792139916007,0.8875838373931235,0.0,2026-04
2026-04-16,2.713493089476,0.8544938159178,0.3929683050369966,4771388332263.333,1875013162825.5,0.99982131375,4.770535750774947,1.874678123754734,5.10538,4.6121649599556,2.6974442939832,0.7313893150575009,1231650740493.9583,900801803406.2916,0.99982131375,1.2314306614418298,0.9006408425100477,5.01099,2026-04
2026-04-17,2.7765129167118,0.8992098326052,0.4047660378906351,4733802864312.333,1916096377885.2917,0.9998277691666667,4.732987557500177,1.9157663670093816,5.23485,4.569810631209,2.647369738386,0.722008259234343,1282181223124.9583,924755033608.4166,0.9998277691666667,1.2819603919844151,0.9245957622783492,4.56072,2026-04
2026-04-18,2.8558583226342,0.957077900118,0.4187919721305688,4734641290880.125,1982835261082.8333,0.9997768770833333,4.733584883905934,1.9823928450961108,4.94677,4.397524812700199,2.437635449025,0.6930198976771749,1350764994803.4583,936099388297.0834,0.9997768770833333,1.3504636081780865,0.9358905230712766,4.37314,2026-04
2026-04-19,2.8226457570528,0.9392139798462,0.41285993944497235,4692097214069.875,1922204157760.25,0.9997728262500001,4.691031292750391,1.9217674834334662,5.7313,4.4459286088878,2.49515465256,0.7016234951028916,1331379350249.6667,934087750945.375,0.9997728262500001,1.331076895809998,0.9338755507281638,4.29703,2026-04
2026-04-20,3.0330940769045998,1.0968024497598,0.4506560904927694,4094051287023.9165,1841364594535.6667,0.9997935325,4.093205998489813,1.8409844125912445,5.86287,5.1698199366072,3.0165575173848,0.6945075874741834,1188562943700.9167,822078965612.6666,0.9997935329166667,1.1883175445765728,0.8219092333663669,4.93254,2026-04
2026-04-21,3.302944807221,1.3217518840014,0.49830105343430753,3740044347952.625,1858056876772.7917,0.9997863925,3.7392454464295697,1.8576599818884865,6.27138,4.210383938922,2.2233160753182,0.6596248078871518,1225007120825.5,809296264876.9584,0.9997863925,1.2247454501169381,0.8091233931250588,4.32283,2026-04
2026-04-22,3.3843797250372,1.3898129969358,0.5118461493516512,3608483975722.7915,1844867120990.1667,0.9997758129166666,3.607675000225019,1.8444535256111743,7.04942,4.506029080538401,2.5680366204659997,0.71218294804482,1278467670729.9583,910159438143.375,0.9997758129166666,1.2781810547917212,0.9099553921535694,4.64642,2026-04
2026-04-23,3.6948675261725996,1.6800605892162,0.567976449457605,3398035071541.25,1929240838755.0833,0.9997684775,3.397248349966399,1.9287941760929925,6.59524,4.539206356416,2.6076154586255997,0.7180811304126302,1262511537730.75,906607081380.8334,0.9997684775,1.2622192379032555,0.9063971814428343,4.5877,2026-04
2026-04-24,3.6112946792417997,1.5982691140835998,0.553122618478798,3493769123332.4585,1932418586232.0,0.9997828670833333,3.493010511052549,1.9319989945481506,5.19946,4.470399485409599,2.5254972818334,0.7058487976766564,1236727641352.8333,873382751406.75,0.9997828670833333,1.236459107072944,0.8731931112625707,6.01796,2026-04
2026-04-25,3.3616478515662,1.383697205739,0.5087373961760565,3777108284953.5835,1895201203611.3333,0.9997750712500001,3.7762587047084346,1.8947749183736067,5.56752,4.333523816934001,2.3627038627908004,0.6815153455806578,1207085054287.7083,822655212780.25,0.9997750712500001,1.2068135461553038,0.8224701739715585,5.89204,2026-04
2026-04-26,3.9642895338983997,1.9581136560053998,0.6158736951062503,3042372368950.9165,1868297840036.375,0.9998015654166666,3.041768657057539,1.867927105132945,6.37932,3.8248192461474,1.8360061634844,0.5910789775056962,1217229873301.125,719487008357.5,0.9998015654166666,1.2169883327983955,0.7193442372527828,5.94313,2026-04
2026-04-27,4.1237141786082,2.1309284923596,0.6442158543770455,2884119297524.8335,1852687639936.9167,0.9998467608333333,2.883677337487114,1.8524037356268792,6.06793,4.030696096533,2.056101171894,0.6276793063093268,1220132791655.7917,766056645835.5416,0.9998467608333333,1.2199458195235757,0.7659392559535143,5.806,2026-04
2026-04-28,3.7600414079310003,1.7514495484055999,0.5795629172976717,3768274970550.5,2152111116204.3333,0.9998554754166666,3.7677303621804956,2.151800083241977,15.91203,4.6027059502806,2.6199939513438,0.685091143354779,1741445019602.6667,1116311965605.7917,0.9998554754166666,1.7411933379868108,1.1161506310840925,17.70058,2026-04
2026-04-29,3.3671438754786003,1.3889904866784,0.5097144670812345,5680607800201.625,2864413353209.0835,0.9998500329166666,5.679755896018268,2.8639837854930414,11.92944,3.3789974146848,1.3904730686736,0.5118217629619942,3205967921102.5,1643097217140.8333,0.9998500329166666,3.205487131444112,1.6428508066435454,12.50922,2026-04
2026-04-30,3.1622736355542003,1.2003230748456,0.4732930911122119,7149829311823.708,3377348782460.0415,0.9998205962500001,7.148546605633308,3.3767428734234106,9.73324,3.6279827961785998,1.6297667155872002,0.5560858307520669,3979829781522.5,2213972080076.4585,0.9998205962500001,3.9791157851353334,2.2135748851828976,10.67255,2026-04
2026-05-01,3.14606714679,1.1858456287494,0.4704119375876487,7945255488051.458,3731416973357.1665,0.9998222766666668,7.943843430761937,3.7307538134946054,9.024,3.9100248661931998,1.8986175608886002,0.6062266432175475,4388603407829.3335,2659531382667.2085,0.9998222766666668,4.387823450603016,2.6590587218847763,10.23828,2026-05
2026-05-02,3.341737899792,1.353315963393,0.5051978491799096,8598324119646.417,4341141452913.4585,0.9998675354166666,8.597185146224543,4.340566405419707,9.05714,3.630491473941,1.622096940555,0.5565318179838531,5544654559903.75,3076672185670.625,0.9998675354166666,5.543920089547745,3.0762646355714964,8.06721,2026-05
2026-05-03,3.4507568697083997,1.4483313166644,0.5245789993800168,8851634625064.709,4642671127701.792,0.9998695325,8.850479774424263,4.642065410006438,8.51783,3.6554146619814003,1.6407743808276,0.5609626069147114,5778658109890.75,3241700205836.0415,0.9998695325,5.777904182813798,3.2412772693144367,7.97215,2026-05
2026-05-04,3.5168580571662,1.51828769169,0.5363303216233796,9293894665892.375,4993567224125.25,0.9998776408333333,9.292757472685969,4.992956215401012,7.99659,3.6439051932810003,1.6347400952112001,0.5589164791911341,6338499129804.917,3520534710993.5835,0.9998776408333333,6.337723556333477,3.520103941300125,6.4264,2026-05
2026-05-05,3.6145770203628005,1.6012265397966001,0.5537698773334042,9754077360404.541,5401464171947.917,0.9998843491666668,9.752949293229413,5.400839488115212,8.10587,3.6465260532677997,1.6319707653131998,0.5593824097507658,6807774579589.208,3807713297866.8335,0.9998843491666668,6.806987254785934,3.807272932650841,6.96844,2026-05
2026-05-06,3.6651144566375997,1.6501379156568001,0.5626870148666469,9967115629583.416,5608320161222.125,0.9998816191666666,9.965935714129255,5.607656243607839,8.19852,3.6470835941112,1.6329054298068,0.5594815281791873,7104292480621.292,3974414214012.0835,0.9998816191666666,7.103451468557193,3.9739437195454164,6.94681,2026-05
2026-05-07,3.6096873874775994,1.5965961022152,0.5528333136669693,10328028201632.959,5708266421123.625,0.9998852929166667,10.326843503641365,5.707611642531568,7.40554,3.7952141025276,1.7795300282603999,0.5858158407477377,7274028483158.792,4263356077122.7915,0.9998852929166667,7.273194100567405,4.262867039981973,6.42208,2026-05
2026-05-08,3.5701826422301997,1.5589142532684,0.5458102478155865,10758856652532.209,5872295458842.083,0.9998781475,10.757545658951956,5.871579904959685,7.84691,3.9351242454714006,1.9225170354438,0.6106887550904351,7494753160425.667,4576956258135.375,0.9998781475,7.493839906016187,4.576398544572931,6.83471,2026-05
2026-05-09,3.5448434407386,1.5353431826597999,0.5413055008887966,10952660889763.709,5928749741633.292,0.9998694916666667,10.951231476245422,5.927975990385762,8.04513,4.0639936886892,2.0606042003561997,0.6335988783439985,7526532241392.458,4768049721170.958,0.9998694916666667,7.5255499662138545,4.767427450948598,7.12989,2026-05
2026-05-10,3.5281573583994,1.5198875759106,0.5382980144145708,11806320353556.084,6361584053042.917,0.9998707433333333,11.804794307941584,6.3607617758935,12.72357,4.1816613167279995,2.1898184696298,0.6545175677169072,8067373951431.75,5281730335682.208,0.9998707433333333,8.066331189566034,5.281047636824785,11.43698,2026-05
2026-05-11,3.6013089333510004,1.5893501297634,0.5513438106939927,13631935375130.291,7508875042854.083,0.9998570329166667,13.62998645708952,7.507801520890092,5.98903,4.2224216905476,2.2361354323812,0.6617638564592534,9441152550350.084,6246371544495.125,0.9998570329166667,9.439802776306657,6.245478518973992,5.02085,2026-05
2026-05-12,3.5422018681697995,1.5334653539322,0.5408358880372898,13204420903169.416,7139882795322.0,0.9998336008333334,13.202223698534812,7.13869472477476,5.51338,4.5510963959142,2.6251259432508,0.7201949151626619,8951655727141.291,6442715998142.958,0.9998336008333334,8.950166179088008,6.441643935569798,5.05984,2026-05
2026-05-13,3.4325990965943998,1.431874877769,0.5213509507756853,12878129811311.709,6713175228691.625,0.9998141008333333,12.87573577771156,6.711927255010924,5.78706,4.523539238109,2.5936384542912,0.715295864940115,8079734850709.5,5795748529077.25,0.9998141008333333,8.078232834733866,5.794671104255485,5.68359,2026-05
2026-05-14,3.5839259934498,1.5723054653652,0.5482535102338909,11984531249585.916,6569490813395.0,0.9998081212500001,11.98223167271041,6.56823026770959,6.0402,4.1086193117688,2.1097122000227997,0.6415323224932193,7648261043846.125,4905717825451.5,0.9998081212500001,7.646793505077358,4.9047765224473,5.43493,2026-05
2026-05-15,3.586471277544,1.5744310437996,0.5487060052338686,12955932716792.125,7107088985950.458,0.9998051004166667,12.953407610903927,7.105703817268384,5.02459,4.2639904530666,2.284172720199,0.6691538586930045,8423322737101.083,5641962354095.333,0.9998051004166667,8.421681035009339,5.640862737983338,4.59676,2026-05
2026-05-16,3.4888021244082004,1.4841216130733998,0.5313426001806273,13200556535846.459,7011346824685.25,0.9998102062499999,13.198051152719433,7.010016114878842,4.74369,4.4871580703268,2.5502089086468,0.7088281016919519,8333195091292.0,5902071489893.875,0.9998102062499999,8.331613502946142,5.9009513136130405,4.64611,2026-05
2026-05-17,3.5952523450812,1.5838100059085998,0.5502670838556012,12796590949817.916,7037136073412.542,0.9998238591666667,12.79433694762419,7.035896546400291,5.08155,4.5844379062866,2.6641644140214,0.7261222948224337,8338590467331.375,6053782722145.167,0.9998238591666667,8.337121701057635,6.05271640381167,4.55719,2026-05
2026-05-18,3.5966065289094,1.5839886637871998,0.5505078276797818,12588728116080.834,6930165239724.208,0.9998026745833334,12.586244040060025,6.928797741980711,5.09737,4.6228847358114,2.710772426853,0.7329572867737405,8169595086437.5,5987923296444.167,0.9998026745833334,8.16798301768307,5.986741726984729,4.66601,2026-05
2026-05-19,3.6513551991852,1.6368647278284,0.5602409247000557,12534702551903.125,7022592875956.5,0.9997960279166667,12.53214582250965,7.021160463057189,5.07322,4.597785852699601,2.679609888648,0.7284952630917099,8134210192605.042,5925705154915.625,0.9997960279166667,8.132551040805785,5.924496476489958,4.63042,2026-05
2026-05-20,3.8735919763487994,1.8601463567952,0.5997496850193155,11635457692746.0,6964721200767.167,0.99975458375,11.632602162352013,6.963011945007779,5.96062,4.4402802831774,2.4908841101177996,0.700494272933902,7897902936765.083,5541159512558.292,0.99975458375,7.895964663043478,5.539799621970069,5.12965,2026-05
2026-05-21,3.7865680988165997,1.7706467378303998,0.5842787734574407,11944593991732.291,6973303283875.167,0.99974826875,11.94158716415601,6.971547885522888,5.40144,4.6466284204242,2.742877576098,0.737178386288012,7904995574508.875,5832796856900.917,0.99974826875,7.903005640091659,5.831328559657133,4.83013,2026-05
2026-05-22,3.9076683359652,1.8940490933867997,0.605807219286525,12494589485396.209,7569187763294.875,0.9998032220833334,12.492130826107667,7.5676983142959555,5.12404,4.5255559270716,2.5911852437538,0.7156421831360419,8784645938946.708,6286116801386.542,0.9998032220833334,8.782917314620189,6.284879832418443,4.32599,2026-05
2026-05-23,3.9256754768496003,1.9126295582255999,0.6090086162868844,12455101804310.709,7585257583059.417,0.9997791670833333,12.452351307851881,7.583582508503682,5.19468,4.5680767683948,2.6432544261222,0.7232136481054471,8785223929407.375,6353567136618.417,0.9997791670833333,8.783283862783474,6.352164059856399,4.37074,2026-05
2026-05-24,3.9250072763136004,1.9123580055402,0.6088901828849284,13234558987344.625,8055166874911.458,0.9997416558333333,13.231139916231838,8.053085869537798,8.39238,4.6733862050154,2.7742555720656,0.7419353256789831,9460407543366.0,7017839769885.792,0.9997416558333333,9.457963502262881,7.01602675191864,7.64804,2026-05
2026-05-25,4.024503060138,2.019236220585,0.6265783221021864,14615432641210.209,9160700085061.25,0.99973857125,14.611611746924108,9.158305214688887,3.93491,4.637821986774,2.7313939573254,0.7356127980095523,10734429972107.334,7888477051249.792,0.99973857125,10.731623683497764,7.88641477655488,4.01111,2026-05
2026-05-26,3.994452919512,1.9859247489096,0.6212360749532954,15344355763256.916,9531845887684.5,0.9997471954166667,15.340476639791667,9.529436193356467,3.58421,5.305955286313799,3.3646062434634,0.790758274984687,10954699658017.709,8660415499243.792,0.9997471958333334,10.95193026429958,8.658226110120518,3.66456,2026-05
2026-05-27,4.3293274433532005,2.3612533831296,0.680769323637016,13946518760737.5,9464191226557.666,0.9997299224999999,13.942752119816896,9.461635161451674,4.26247,4.6281046816224,2.7193227299730003,0.7338852771112866,10668568385291.459,7839203594026.042,0.9997299224999999,10.665687045013378,7.837086401517376,4.0095,2026-05
2026-05-28,4.5030338392194,2.5639370763336,0.7116504606321925,12316273228485.834,8763123581337.667,0.9997122637500001,12.312729390213097,8.760602113020086,4.26381,4.5347457691026,2.6024758992612003,0.7172881371184382,9599712612576.75,6886628612297.208,0.9997122637500001,9.596950427268531,6.884647079605164,4.01605,2026-05
2026-05-29,4.494041037795601,2.5528681249506002,0.710051721335513,12308911410875.084,8739475127245.375,0.9996526479166667,12.304635884852951,8.736439452352688,3.98959,4.5710689398156,2.6469603700956,0.7237455896622653,9554590695834.459,6915957690510.417,0.9996526479166667,9.551271888850865,6.913555418198374,3.78422,2026-05
2026-05-30,4.5594240126948,2.6325055028556,0.7216753804359156,12128477881892.791,8752229317723.625,0.9997386100000001,12.125307619059244,8.749941572502266,4.16358,4.5646540404336005,2.6390350718640003,0.7226051630478212,9429578445922.584,6813372028690.917,0.9997386100000001,9.427113648412606,6.811591081376338,3.95282,2026-05
2026-05-31,4.6037868503598,2.6873423702568,0.7295621071218946,11538387021960.459,8416747778868.167,0.9996905512500001,11.534816482519497,8.414143226788932,4.26505,4.448875113684,2.4988350317436,0.7020222427149315,9039742380821.459,6346796318414.375,0.9996905512500001,9.036945043841392,6.344832310227138,4.03409,2026-05
2026-06-01,4.6061894641446,2.6900518067208,0.7299892384137933,11453302036703.75,8360285821919.125,0.9997092991666667,11.449972552257261,8.357855479863789,4.28588,4.4031570898716,2.4447079394442,0.6938945941928498,8949392766343.416,6210432012195.208,0.9997092991666667,8.946791170408414,6.208626634433903,4.00519,2026-06
2026-06-02,4.684335576354001,2.7896029183547997,0.7438811132131457,10942625278562.584,8131528137116.333,0.9997246395833334,10.93961211270645,8.12928903614036,4.37198,4.2986346480594,2.3232859562556,0.6753128267233176,8755525616568.333,5913128013687.333,0.9997246395833334,8.753114691386418,5.911499772293681,3.84247,2026-06
2026-06-03,4.7648450701188,2.8911420700722,0.758194679550674,10249360899310.959,7769268748706.583,0.9997205979166667,10.246497206522855,7.7670979988322175,4.67374,4.2398345945106,2.255733401661,0.6648594838427508,8332267879373.708,5539165402776.292,0.9997205979166667,8.32993982636932,5.537617748422828,4.11347,2026-06
2026-06-04,4.8473578773774,2.9973950740619997,0.7728618369511323,9632480457463.375,7444209075708.833,0.9997095033333334,9.62968225399875,7.44204655778637,4.39827,4.1375963003166,2.1409761812616,0.6466857402198061,7945463279879.875,5137761371660.75,0.9997095033333334,7.9431551492819485,5.136268869108155,3.99138,2026-06
2026-06-05,4.765014625131,2.8906731047862,0.7582248226170475,9218684624401.791,6989351134401.417,0.999727105,9.216168891461216,6.987443775423594,8.24215,4.466527133453999,2.5214528710386,0.7051415440379033,7353285661131.625,5180998627762.333,0.999727105,7.35127898624113,5.179584759141809,7.54402,2026-06
2026-06-06,4.5947196268668,2.6771496307344,0.7279501562508148,9407514028045.709,6844251233390.958,0.9997249787500001,9.404926761778324,6.842368918861437,7.53208,4.5160332950934,2.5795521385596003,0.7139614750563396,7280915713695.917,5198566141492.583,0.9997249787500001,7.278913307155192,5.1971364253341426,7.35804,2026-06
2026-06-07,4.139165997621,2.146010755311,0.6469628443721919,10690515408033.459,6903066388754.5,0.9997435079166667,10.687773375464545,6.901295806875059,7.1189,4.685532192135,2.7892365779142,0.744094612312058,7416417636495.125,5518547170531.625,0.9997435079166667,7.41451538408467,5.517131706870882,7.75405,2026-06
2026-06-08,4.1386616645796,2.1449935837062,0.6468731851810435,10784739691989.125,6965769960912.583,0.9997298541666667,10.78182623949775,6.963888187181684,3.61751,4.661729651622601,2.7596263795992,0.7398630495213996,7501197917859.417,5549390869808.0,0.9997298541666667,7.499171500496899,5.547891724986983,3.64454,2026-06
2026-06-09,4.693706483774399,2.805039012204,0.7455779586780031,9235137107530.625,6865879747424.75,0.9997505025,9.23283296391014,6.864166727592467,4.10667,4.494931682895,2.5543049470272,0.7102100773362808,7430050145126.958,5277589658105.5,0.9997505025,7.428196366190874,5.276272912679777,3.62433,2026-06
2026-06-10,5.4319257295146,3.4668476042706002,0.7948484302677619,8676381186517.583,6890788749532.5,0.9997638925,8.674332627846587,6.889161782627819,4.19595,4.3464829034429995,2.3799785047829998,0.683819183217278,7160842830604.167,4902204314548.25,0.9997638925,7.15915210190554,4.9010468673430525,3.80872,2026-06
2026-06-11,5.6488256741286,3.6697672997586,0.8101736141857625,7882179162122.125,6380096897368.542,0.99976913625,7.880359452682585,6.378623964273452,4.91163,4.3958305785492,2.437313770656,0.6925921032361052,6107074727916.708,4235317591201.4585,0.99976913625,6.105664825743491,4.234339809899913,4.75151,2026-06
2026-06-12,5.444410913382599,3.5195686453512,0.8066900585541288,7532008835308.792,6074346942759.417,0.9997717320833334,7.530289519343642,6.072960364237683,4.80322,4.4239685315814,2.4704572149755997,0.6975944059745164,5721896741123.958,3991433798714.4165,0.9997717320833334,5.720590615675481,3.9905226824366715,4.71036,2026-06
2026-06-13,4.939248615255001,3.1185517823316,0.7890828678594931,7717860414972.208,6089729467219.458,0.99977269125,7.716106077768607,6.088345218426426,4.81727,4.5833906785086,2.6618446054944,0.7260769652155031,5756598940510.625,4179821459545.0415,0.99977269125,5.755290415201206,4.178871349553849,4.78004,2026-06
2026-06-14,4.767116340537,2.894109349077,0.7585984609748128,7765465145522.708,5891257089618.792,0.99976519875,7.763641804599708,5.889873815090078,4.91775,4.7431631568888,2.8636320633174,0.7543401171721498,5528944575832.083,4168243877781.5415,0.99976519875,5.527646372734497,4.167265168908734,5.17147,2026-06
2026-06-15,4.6960862280462,2.8025239783608002,0.7459708056288458,7711145823675.0,5752306957229.917,0.9997725545833333,7.709391958900156,5.750998621377234,5.06117,4.802160210048,2.9382725300922,0.7648284821841104,5374577275190.875,4110632634890.0835,0.9997725545833333,5.373354852223112,4.1096976903376765,5.33769,2026-06
2026-06-16,4.673666248506,2.7743066693208003,0.7424052534750288,7713562074052.708,5726528460662.417,0.9997569250000001,7.7116870999515585,5.725136484756842,5.04848,4.7933642032506,2.9269013979978,0.7632647489060078,5388991739173.458,4113211484320.625,0.9997569254166666,5.387681812251871,4.112211667152912,5.31076,2026-06
2026-06-17,4.613959259411399,2.699631580617,0.7312684561437525,7745099100819.875,5663757511105.208,0.99973844125,7.743073302380439,5.6622761057702995,4.87744,4.6928071916352,2.7987365900394,0.745387888659836,5414239725316.25,4035674784859.5,0.99973844125,5.412823583541496,4.034619218807365,5.11813,2026-06
2026-06-18,4.4250491156436,2.4723816435306,0.6977919130975098,7728335626129.25,5393059884608.833,0.9997534079166667,7.726429879746504,5.391729998736346,4.60787,4.6669351999356,2.7657992564748,0.7407884804296239,5445373927105.667,4033892308041.625,0.9997534079166667,5.444031141004453,4.032897582133443,4.77737,2026-06
2026-06-19,4.3580941966314,2.3913533168658003,0.6858834131522927,7702884739133.167,5283300441253.917,0.9998121725,7.701437925549827,5.282308092140287,4.51045,4.7015457743988,2.8094412806495996,0.7469414713438373,5472366420205.167,4087602104825.7915,0.9998121725,5.471338559301376,4.086834340741447,4.65617,2026-06
2026-06-20,4.3296048597636,2.3581582235424,0.6808186420825141,7725387687122.208,5259634307765.792,0.99976964625,7.723608115098275,5.258422731279369,4.4959,4.724240542349401,2.8382618313215997,0.750976096785282,5486663990366.208,4120322585046.4165,0.99976964625,5.485400116741037,4.119373453287741,4.64714,2026-06
2026-06-21,4.305506452835401,2.3302622542536002,0.6765355509897709,7804367868520.083,5279932003300.667,0.9997833204166667,7.8026768213421525,5.278787949834164,4.38772,4.8025929856716,2.9388616408368,0.7649054200134625,5492708373960.917,4201507208208.3335,0.9997833204166667,5.4915182161990765,4.200596827377088,4.5841,2026-06
2026-06-22,4.2972558220008,2.3209841633256,0.675067702149111,7915031639734.125,5342515072465.458,0.9997712879166666,7.913221376358151,5.341293174712994,4.54061,4.8227873848074,2.9650423355496,0.7684955354328368,5551405181032.875,4266331972084.4585,0.9997712879166666,5.550135507588493,4.265356210410931,4.84984,2026-06
2026-06-23,4.392930583965601,2.4328323685314,0.692076548596127,8087682968610.667,5597401447149.417,0.9997325533333333,8.085519944759655,5.595904440790382,4.51715,4.5995800038048005,2.6829248444316,0.7292913220069873,5905377322120.708,4304385956297.625,0.9997325533333333,5.903797948640498,4.303234762621567,4.57398,2026-06
2026-06-24,4.3500034669824,2.3821167351977994,0.6844450610792349,8312139171915.708,5686711980443.208,0.9997301245833334,8.309895929893298,5.685177276678023,4.06438,4.668403199421601,2.7680713828326002,0.7410494581553074,6040376178796.458,4478835222328.417,0.9997301245833334,6.038746029758383,4.477626494806611,4.10302,2026-06
2026-06-25,4.2560807541174,2.2785212142144,0.6677473134303343,8356218726050.167,5566665161597.458,0.9996937079166667,8.353659282407776,5.564960136127894,4.52855,4.9812143486058,3.0866433712109997,0.7721282352830531,5934699110176.583,4581543880068.167,0.9996937079166667,5.932881358822171,4.580140589448257,4.31812,2026-06
2026-06-26,4.570463416554,2.6460946172808,0.7236379410580714,7632973046766.958,5523069548331.042,0.9996631383333333,7.630401790744802,5.521209037917875,4.75193,4.516336172619,2.5801117092702,0.7140152888179009,5911975901287.792,4221215305538.5,0.9996631383333333,5.90998438323239,4.219793339915317,4.45041,2026-06
2026-06-27,4.6140813353988,2.6997647872356003,0.7313922376888634,7522333201113.667,5501831939258.042,0.9996572345833333,7.519754805439682,5.499946101540952,4.6748,4.4595992148336006,2.511395346978,0.7039287497450887,5889606578143.875,4145910996213.9585,0.9996572345833333,5.887587824691115,4.144489921303879,4.39335,2026-06
2026-06-28,4.610071205550001,2.6948283030234,0.7306788052724585,7505539852945.292,5484168792319.583,0.9996591991666667,7.502981958708792,5.482299783025019,4.64216,4.4382536448696,2.4859144489824,0.7001367134975488,5887933119917.958,4122383633380.9165,0.9996591991666667,5.885926507404079,4.120978721603341,4.35193,2026-06
2026-06-29,4.5874675117278,2.6668266371514,0.7266601660624102,7504399593558.0,5453176407739.917,0.9996441258333334,7.501728971606309,5.451235763130127,4.8061,4.4327361533508,2.4793289699309997,0.6991530943052299,5888836718759.75,4117271310766.5,0.9996441258333334,5.886741033899825,4.115806080269841,4.50428,2026-06
2026-06-30,4.562821324085401,2.6366494570344,0.72228120897896,7544530008821.375,5448995419154.667,0.99963049125,7.541742238968479,5.44698196766858,4.65516,4.452773745771,2.5032367518570005,0.7027153329772333,5879388427627.292,4131557397995.2915,0.99963049125,5.877215942158635,4.130030751385605,4.44586,2026-06
2026-07-01,4.9197773163636,3.0946477924782,0.7857377909952196,7631666820729.458,5996548106699.292,0.9996472341666668,7.6289746294237215,5.99443272940931,4.85698,4.473329407131599,2.52787531554,0.7063696726539427,5851855828673.417,4133569883047.4165,0.9996472341666668,5.849791493875469,4.132111700822983,4.65786,2026-07
2026-07-02,4.8961051125624,3.061577924406,0.7814900563306373,7725236069591.458,6036743271894.708,0.9997293137500001,7.723144954409416,6.035109208496227,4.85448,4.4980942810356,2.5577248125708,0.7107730055638731,5884122910179.583,4182317635657.1665,0.9997293137500001,5.882530159014489,4.181185539780062,4.71245,2026-07
2026-07-03,4.8283770804948,2.9723431082399996,0.7694837921279696,7771329886933.208,5979884705607.458,0.99976828625,7.76952916294262,5.978499084097754,5.07775,4.5257512050792,2.5912431949644,0.7156891034953742,5856293055127.75,4191274102105.5415,0.99976828625,5.854936071502848,4.190302926266065,4.97973,2026-07
2026-07-04,4.7998063707606,2.9352202648524,0.7644804621392095,7801696162120.792,5964262430028.375,0.9998495320833333,7.80052225715281,5.963364999886076,5.0673,4.5418626896724,2.610861482889,0.7185450559260835,5836498254252.083,4193804417007.5415,0.9998495320833333,5.835620048519137,4.193173383994007,4.97509,2026-07
2026-07-05,4.8351904986006,2.9812039823556,0.7707078127716912,7806231325196.625,6016340433886.792,0.9997951279166667,7.80463204632205,6.015107853688059,4.9958,4.4938743273306,2.55262739634,0.7100221057930551,5907784311173.625,4194632601558.4585,0.9997951279166667,5.906573971093911,4.19377323843856,4.8547,2026-07
2026-07-06,4.8979250777232,3.059960955426,0.7805444140724235,7301723963881.917,5695684002569.292,0.9997992854166666,7.300258401398891,5.694540795727918,8.42577,4.489641919270801,2.5503839578872003,0.709393639837831,5425343032264.583,3847505709845.125,0.9997992854166666,5.424254086798422,3.846733459339701,6.04334,2026-07
2026-07-07,4.5510014193372,2.6230585214052,0.7201454407947762,8260362238438.458,5944935490687.333,0.99981087375,8.258799987104661,5.943811147331488,7.17222,4.748709123970199,2.8643906494458,0.752972287043015,5734609895531.833,4317470355251.5835,0.99981087375,5.733525330267078,4.316653808273808,5.21639,2026-07
2026-07-08,4.342556756853,2.3756744330028,0.6854724841377484,8959009023290.5,6134129104381.958,0.9998106870833333,8.957312967161858,6.132967834509997,6.30144,5.106113532414,3.2056532679888,0.7843731110383496,6012386460170.25,4715643255921.5,0.9998106870833333,6.011248237753348,4.714750523742762,5.02374,2026-07
2026-07-09,4.2310719849942,2.247110921178,0.6651083793865421,9417428982888.291,6263428721899.25,0.99977941,9.415351592228955,6.262047072157486,6.4039,4.589565932016,2.6712166668696002,0.7270339438705591,6511566671306.667,4731135029685.875,0.99977941,6.510130284814643,4.730091388609677,4.66223,2026-07
2026-07-10,4.1819120697132,2.1911026775706,0.6545625039348297,9778421146469.459,6397198526459.583,0.9997797008333333,9.776266968439575,6.395789228955203,6.18701,4.8443670387468,2.9959540361477996,0.7723319184384624,6390638221990.875,4934888357907.75,0.9997797008333333,6.389230369716103,4.93380120611491,4.86055,2026-07
2026-07-11,4.1522536723014,2.156830212258,0.6492480908470302,10072191980726.584,6539390418177.333,0.9998222833333333,10.070401984341743,6.538228259510182,6.188,4.962713066983801,3.1498397627292,0.793426405695785,6484291350839.292,5144838266571.333,0.9998222833333333,6.483138984194726,5.143923943064059,4.87408,2026-07
2026-07-12,4.147671323178001,2.1517382917008,0.6484749022410344,10067750977118.166,6528715923323.417,0.99980508375,10.065788608851772,6.527443370498327,6.14647,5.003049765681,3.1897536138612,0.7969243314619168,6460657247488.167,5148628930401.583,0.99980508375,6.459397960404951,5.1476253789578275,4.86438,2026-07
2026-07-13,4.156160593100401,2.161216924389,0.649984996703572,10152429835090.459,6599290197458.833,0.9997780279166667,10.150176279089068,6.5978253392651816,5.76488,4.9673620956942,3.1312457506818,0.7877499393331159,6569377810110.0,5173902301352.417,0.9997780279166667,6.567919591631286,5.172753839479623,4.47935,2026-07
2026-07-14,4.0367919804984,2.0314881994122,0.6287818146938452,10605267973877.125,6664430566573.5,0.999810875,10.603262252571565,6.663170156142597,5.90228,5.7423009442392,3.689594408826,0.8012930362243957,6583930004149.833,5275618640055.958,0.999810875,6.582684818387798,5.274620888680658,4.86362,2026-07
2026-07-15,4.0790537087742,2.0764913063094004,0.6362499882144471,11113310360382.709,7071533533849.792,0.9998208391666666,11.111319290437452,7.070266592008923,5.65602,5.0197529306772,3.1818169675314,0.7921387622088455,7126823656106.708,5644328581955.167,0.9998208395833333,7.1255468114109695,5.64331734169462,4.43576,2026-07
2026-07-16,4.095264715201799,2.0943060936246,0.6391581900538751,11123631291619.209,7109834388402.708,0.9998305679166667,11.121746591595238,7.108629754350126,5.58358,5.2360930663524,3.3337567785042004,0.7933783818050087,7146798908998.083,5668386575730.208,0.9998305679166667,7.1455880119697675,5.667426169183544,4.45946,2026-07
2026-07-17,4.0665082187448,2.0627240561892,0.6340483129677259,11222375164576.334,7115512454648.708,0.9998569575,11.220769887976855,7.114494633958414,5.50134,5.3083873531458,3.4037899865262005,0.8011245058167304,7156746298415.083,5733200084720.625,0.9998569575,7.155722579532692,5.732379993447507,4.35454,2026-07
2026-07-18,4.057653191535,2.0530939466322,0.6324716533526765,11120211612134.416,7033328949120.917,0.9998778945833333,11.118853774062094,7.03247014155903,5.65828,5.0897935390158,3.2545993969151996,0.7992328955088036,7043549297188.0,5629271743487.458,0.9998778945833333,7.042689241666255,5.628584378915689,4.53784,2026-07
2026-07-19,4.2756831726012,2.3012775322902,0.6712269869325801,10416423963531.459,6973686014696.708,0.9998655937500001,10.415023931048111,6.972748707710796,6.39218,4.9889536957332,3.1850932428342,0.7980362129807665,6960368736375.625,5554658193822.458,0.9998655937500001,6.9594332193151525,5.553911613044595,4.5754,2026-07
2026-07-20,4.4172242569439994,2.4624683906255997,0.6967945594918729,10121890309028.541,7047518403549.0,0.9998585129166667,10.120458192290897,7.046521270725344,6.49548,5.3353453324698,3.4227984155148,0.8002132864491314,7034345815196.167,5628356888877.0,0.9998585129166667,7.033350546123617,5.627560549076834,4.8686,2026-07
2026-07-21,4.261687487523,2.2802599762776,0.6687313653171324,10981249853804.416,7343330810252.083,0.9998987525,10.980138029709844,7.342587316365872,6.01705,5.549291866692,3.5760461153364003,0.8030336031174371,7265218448416.625,5832417803349.917,0.9998987525,7.26448286321177,5.831827285628373,4.42887,2026-07
2026-07-22,4.2571045607652005,2.2763591438976,0.6681859376317641,10971042272173.625,7322762742948.917,0.9999079441666666,10.970032323734724,7.322088639922312,6.34481,6.9805160498214,4.5851551035174,0.8198051605166613,7256575003733.875,5949012715985.625,0.9999079441666666,7.25590699367476,5.948465074662544,4.60392,2026-07
2026-07-23,4.2891474574206,2.3115816075582,0.6736289303937094,10832040664351.875,7295034768280.667,0.9999032954166668,10.83099315637278,7.294329304982999,5.82312,6.5595859539696,4.2713228115576,0.8110920274934831,7203957670490.0,5839902586181.083,0.9999032954166668,7.203261014765125,5.839337840834779,4.23645,2026-07
2026-07-24,4.144502796663599,2.1501008848962,0.6479116071204555,11628403957864.209,7526328986011.375,0.9998987870833332,11.627227013183456,7.5255672243029075,5.14811,4.9134388206942,3.0841947888443997,0.7846113462740968,7521403569905.292,5901463188811.958,0.9998987870833332,7.520642306712554,5.900865884510017,4.00792,2026-07
2026-07-25,4.0620077566560004,2.057857604892,0.63324801052446,12030654442853.084,7618282045391.208,0.9999407537500001,12.0299416716923,7.617830690748577,5.21426,4.887349423621201,3.0496885939422,0.7799842046520142,7559712019704.0,5896458404688.417,0.9999407537500001,7.559264135115754,5.896109061639659,4.02229,2026-07
2026-07-26,4.0558563920628,2.0511368775288,0.6321522477537923,12026738420434.334,7602753393958.5,0.9999391766666667,12.026006914114475,7.602290969154568,5.23648,4.8842041479426,3.0454549931645998,0.7794140729335385,7550760502286.917,5885216745571.208,0.9999391766666667,7.550301239863966,5.884858787071353,4.04608,2026-07
2026-07-27,3.9270325442508005,1.915651581624,0.6092502304404331,12590954782108.084,7661960479793.292,0.9998954591666668,12.5896385132027,7.6611594920597685,9.64896,4.9260277026828,3.1010785821936,0.7868493504437851,7612311268842.042,5990059276906.958,0.9998954591666668,7.6115154714784055,5.989433071118435,3.84155,2026-07
2026-07-28,3.7066906675656,1.6908392866715998,0.57007834120998,13795020248344.166,7862541755286.958,0.9998592658333334,13.793078817665368,7.861435227025146,9.01099,6.814863356004,4.4631350412714,0.8177502672132378,7906968488324.125,6466152020896.5,0.9998592658333334,7.905855707703061,6.465242012380299,3.74405,2026-07
2026-07-29,3.509846458164,1.5050293089624,0.5349415652894146,14862019585775.0,7930760036748.333,0.9998100183333333,14.85919607452406,7.9292533377386185,8.2178,7.904542246077599,5.259423485745,0.8290454224770029,7994261212172.333,6627232035551.292,0.9998100183333333,7.992742449103476,6.625972982963791,3.62058,2026-07
2026-07-30,3.4287982648704003,1.4287467258756001,0.5206752475032145,15335685921405.291,7983258590763.25,0.9997537858333333,15.331910058275891,7.98129299940204,8.08288,6.630905615427,4.345632863571599,0.8160724784720149,7938859698405.958,6476721458261.583,0.9997537858333333,7.936905038681031,6.475126797685005,3.79503,2026-07
2026-07-31,3.3912520074522003,1.3945956223914,0.5140003572598201,15676481929010.041,8057814115871.25,0.9997710975,15.672893543105287,8.055969662075592,7.89079,6.303652799052601,4.1079270290292,0.8130365280059754,8020287267899.208,6519462837591.75,0.9997710975,8.018451404092868,6.5179705162495685,3.54433,2026-07
2026-08-01,3.4498987731774005,1.4475288425418,0.524426448897356,15503884088527.334,8129760585491.25,0.9998178537500001,15.501060114180175,8.128279780087206,7.8429,6.734259222571799,4.4047569775086,0.8173425922465651,8143974600780.0,6656402264271.667,0.9998178537500001,8.142491206346373,6.655189825560739,3.54029,2026-08
2026-08-02,3.4257712812534002,1.425542371443,0.5201371169449613,15711031822197.334,8171887232891.917,0.9997905329166668,15.707740878185383,8.170175491507916,8.03377,6.2355476361078,4.055699957866199,0.8123554763786828,8204051968220.875,6664207327603.75,0.9997905329166668,8.202333489383577,6.662811395532108,3.56224,2026-08
2026-08-03,3.5363228652918,1.5316126132752002,0.5396880433014057,15694059858592.291,8470746407013.5,0.9997928645833333,15.69080906296429,8.468991815427005,9.33452,6.968389564170001,4.5793258995312005,0.8196838956597388,8141762733475.792,6672942330445.625,0.9997928645833333,8.140076286059593,6.671560127755615,6.16486,2026-08
2026-08-04,3.7290454331544,1.7126689802256,0.5740527093179514,16706198020454.125,9590617089121.166,0.9998208666666667,16.703205383515396,9.588899089913268,8.8052,6.1021995082488,3.9633586056323997,0.8110219951028489,8461572825302.0,6861631880421.75,0.9998208666666667,8.460057075556561,6.860402733430904,5.8885,2026-08
2026-08-05,3.7861868518344,1.7696642546430001,0.5842109962616248,17397012441327.541,10161611098476.875,0.999837855,17.39419160274524,10.159963444045312,8.1556,6.856970907798001,4.4965674504846005,0.8185697090956681,8982268391779.125,7354964796932.875,0.999837855,8.98081196187074,7.353772226165876,5.41765,2026-08
2026-08-06,3.7778418376937997,1.7612511080256001,0.5827413748693256,18090266297591.832,10541076192069.416,0.9998416149999999,18.087401070764287,10.539406643716735,7.84865,6.8520079564722005,4.4879427432972,0.8184897079027088,9408256427211.125,7700434092292.208,0.9998416149999999,9.4067663005169,7.6992144590385,5.19337,2026-08
2026-08-07,3.7622625236261995,1.7456520344202,0.579951077148262,18478572704486.543,10716159875607.584,0.9998507304166666,18.475814415638347,10.714560278888017,7.62918,7.3310775356034,4.8304527645096,0.8233107753729881,9631816877507.291,7929810581637.833,0.9998507304166666,9.630379140215242,7.9286269021164,5.14812,2026-08
2026-08-08,3.8492277407819997,1.8366554775041999,0.5954182653625376,18354268771294.875,10921029794408.584,0.9998880733333334,18.352214439172204,10.919807439947128,8.20239,7.7062514982264005,5.0994335599434,0.8270625149970744,9625168317118.625,7960579996358.875,0.9998880733333334,9.624091004112785,7.959688995175149,5.25319,2026-08
2026-08-09,4.0589136590436,2.0544621361236004,0.632695761936808,18298221271838.543,11577217048129.209,0.9998668033333334,18.295784009759206,11.575675001409124,8.0454,7.888433788546199,5.2327758274938,0.8288843379034857,9875974356432.959,8186588687417.167,0.9998668033333334,9.874658909568598,8.185498261092633,5.11769,2026-08
2026-08-10,4.1021873947728,2.1019283867412,0.6403888704843719,18252278936077.457,11686282897756.084,0.9998563129166667,18.249656319352944,11.684603729851498,8.1159,7.0920684164682,4.669216970922,0.8209206841842905,9996976682434.709,8206302557793.75,0.9998563129166667,9.995540246013059,8.205123418114269,4.97797,2026-08
2026-08-11,4.028754817899,2.0224061453267996,0.6273341902089337,18812405627824.418,11798042054085.584,0.9998315079166668,18.809235886407677,11.796054177400638,7.55935,6.702933232359,4.3828236697986,0.8170293323412676,10402364178607.334,8498724657232.667,0.9998315079166668,10.40061146259529,8.497292689409495,4.72404,2026-08
2026-08-12,3.9497186608254,1.9382625550062,0.6132833178169064,19352046040234.293,11865353374657.291,0.9998543779166668,19.349227954973152,11.863625517179388,7.64448,6.8880932807022,4.512957233050799,0.8188809328270716,10833397029933.291,8871463053590.834,0.9998543779166668,10.831819448088217,8.870171172658756,4.58335,2026-08
2026-08-13,3.9472757057952004,1.9361088401526,0.6128490147412714,20106329737138.332,12320194282092.125,0.9998726412500001,20.103769020115926,12.318625197548602,7.00834,6.973896628836,4.5750164963274,0.8197389663033622,11196159286505.375,9177652316197.209,0.9998726412500001,11.194733357653845,9.176483461870285,4.33153,2026-08
2026-08-14,4.1455190458404,2.1496591470042,0.6480922752201114,20499355855709.918,13286981708482.875,0.9998910004166667,20.497121434463043,13.285533433012892,6.84571,5.5798358815764,3.5448980864508006,0.7907411819244173,12162679806234.834,9607237537789.25,0.9998910004166667,12.161354079203738,9.606190352900647,3.8915,2026-08
2026-08-15,4.2765341636772005,2.2990557129480003,0.6713838516218834,21178203946905.0,14221218509352.334,0.9998947333333333,21.175974587969524,14.219721489083916,6.7458,4.9130830483614,3.0838197017628,0.7845480978546845,12740153015469.125,9995123934476.166,0.9998947333333333,12.738811902028363,9.994071781096665,3.888,2026-08
2026-08-16,4.4180843590332,2.4619986249822,0.696548330864621,21573598636723.207,15026597430464.0,0.9998927958333333,21.571285857059355,15.024986516608633,6.53802,4.9782937662702,3.1678146832824003,0.795400397144327,12782945524163.416,10167631762104.625,0.9998927958333333,12.781575139140953,10.166541749614595,3.87916,2026-08
2026-08-17,4.2229994918255995,2.237878293336,0.6618665767149832,22488340258748.668,14871405125059.291,0.9998402875000001,22.484748589705095,14.869029975768257,8.32969,6.134595935684399,3.9837435087509996,0.8113459593750525,12555309509550.875,10186619258779.834,1.00045242875,12.560989892538144,10.19122797819781,3.92953,2026-08
2026-08-18,3.9392145294515997,1.9287499338684,0.6114159166394723,24999219871763.418,15254039015450.041,0.9998295679166667,24.994959202638963,15.25143923780139,7.03266,6.7452100055406,4.412225330532,0.817452100074637,12562649501046.459,10269211671332.916,1.0008902695833333,12.573833645783319,10.278354038128715,3.76802,2026-08
2026-08-19,3.9059379645803998,1.8943853081436,0.6055000829401863,26574675019102.207,16079470955658.916,0.9998540975,26.57079770758023,16.077124920647808,7.90816,6.5253989619918,4.255930390994999,0.815253989636517,12666617736905.584,10326628706164.416,1.00073457625,12.675922333462943,10.334214402354531,4.05603,2026-08
2026-08-20,4.0306257816336,2.0242293753834,0.6276668060341162,26454362108975.332,16600423634116.666,0.9999015829166668,26.451758547815125,16.5987898688405,7.80857,6.7279580753814,4.3991261575632,0.8172795807733326,12795321289743.209,10457352501958.375,1.0007436025,12.804835922642566,10.465128615422213,4.15827,2026-08
2026-08-21,4.031316702280799,2.0250628528104,0.6277896363058922,28313849659570.293,17774899044619.832,0.99991351375,28.311400900890177,17.773361760257337,8.14029,5.6785125099168,3.6632580734412,0.8054723017615761,13522168468960.125,10888531313191.125,1.00124811,13.539045622647919,10.90212139800843,4.41781,2026-08
2026-08-22,4.028402050552801,2.0216952039186,0.6272714759877355,30742027467843.75,19281403973735.75,0.9999406895833333,30.74020414538545,19.280260385632147,7.74164,6.439911124179599,4.2020784612018,0.8142589953332687,14010225724953.625,11407695665319.291,1.0008960845833335,14.022780072234777,11.417917925536344,4.27566,2026-08
2026-08-23,4.1121246823146,2.1126868729056,0.6421554994052522,30157713552040.625,19365148813991.957,0.9999265416666666,30.155498216665944,19.363726282435326,8.16919,8.314088719476599,5.5568758054626,0.8331408872073265,13999342250130.875,11661102788922.666,1.00098685625,14.013157588526305,11.672610621091806,4.51466,2026-08
2026-08-24,4.262890854636,2.2818552645203996,0.6689583745268947,28959448810525.457,19367942239309.582,0.9999304970833333,28.957436044368063,19.366596110834116,8.10961,5.6853572652143995,3.677290596378,0.8050394536916081,14156358244178.375,11394645833053.584,1.0009915558333333,14.170395063774146,11.405944260598115,4.07585,2026-08
2026-08-25,4.3000034941566,2.3244483176334,0.6755561771528035,28840390026135.75,19478024296546.832,0.9999576908333333,28.839169813267404,19.477200197570532,7.74279,5.9350120707096,3.8460076893054,0.8092050032735726,14468849588503.25,11708137688803.334,1.0009457025,14.48253281573122,11.71921010388598,3.86719,2026-08
2026-08-26,4.1415213145014,2.146382399844,0.6473815674068284,29867864230307.918,19322711163389.207,0.9999544479166667,29.86650368686751,19.321830973640065,7.14434,7.0166026796417995,4.6061991257237995,0.8201660268163918,14386345820870.291,11798785179763.041,1.00075893,14.397264050304123,11.807739631799517,3.86048,2026-08
2026-08-27,4.0829758296624,2.0806926109379997,0.6369734811635565,30367237742955.668,19342280559727.582,0.9999634820833334,30.366128794698376,19.34157421993796,7.354,6.4715181251184,4.2228346496058,0.8147151812748437,14452537707523.459,11774504081864.459,1.0002633533333334,14.456343831503862,11.777604936762765,3.95607,2026-08
2026-08-28,3.9662389015164,1.9555658810927998,0.6162202494780383,31788864717924.125,19583891176417.793,0.9999543183333334,31.787412549602372,19.582996551629034,6.69823,6.950243609829,4.5570814115238,0.8195024361150479,14427062401626.166,11823040638552.459,1.000259365,14.430804276665965,11.826107121487677,3.76902,2026-08
2026-08-29,4.1680391072418,2.1774753108972003,0.652095321578941,30246117943699.0,19695202668816.207,0.9999722716666667,30.245279269258617,19.69465655367154,7.43316,7.1272986153839994,4.6842500023668,0.8212729861742845,14306357495971.125,11749317442188.959,1.0006105975,14.31509292209227,11.756491546045865,3.80774,2026-08
2026-08-30,4.268267777457,2.2882698940068,0.6699142718790129,29554414335701.5,19791256160415.375,0.9999461533333333,29.552822929004236,19.790190467241988,7.07684,7.4377182635442,4.9078978014798,0.824377182651404,14299249442876.959,11788067837506.334,1.0008321,14.311147848338377,11.797876688753924,3.78962,2026-08
2026-08-31,4.1422156525998,2.1457786705866,0.6475050052758738,30481992398308.75,19736692960379.207,0.9999372158333334,30.480078611817685,19.735453808558933,7.85357,7.3120953061980005,4.8155603898006,0.8231209530772675,14267267364309.791,11743716796036.125,1.0004646970833333,14.273897321841122,11.749174066978734,3.71428,2026-08
2026-09-01,4.1258295755136,2.1277225889838003,0.6445918701522082,30411738708817.375,19602028798187.293,0.9999065720833333,30.4088974034276,19.60019742147424,7.74524,7.489985169274201,4.943245848587999,0.8248998517127436,14262441666730.666,11765054801025.0,1.0000206891666668,14.262736744763385,11.765298210204621,3.71604,2026-09
2026-09-02,4.0991482278791995,2.0982731937840002,0.6398485742204463,31018428971165.5,19847109619863.082,0.9998437454166668,31.013582199470957,19.84400841801906,7.77601,7.591342048299,5.0159178046044,0.825913420499909,14184216803818.875,11715083946518.416,1.0000277870833332,14.184610941833219,11.715409474532294,3.80304,2026-09
2026-09-03,4.011063220449,2.0040044103738,0.6241865718676414,32352989728315.918,20177180657794.793,0.9998730158333333,32.348881410876096,20.174618475323282,7.45362,7.3121157996048,4.815305692713,0.823121158013656,14306861727418.084,11776346500062.584,1.00002271625,14.3071867256658,11.776614014493765,3.9916,2026-09
2026-09-04,3.8897662354524,1.8753367158252,0.6026099056157873,34046086714417.668,20515535001327.707,0.9998699212500001,34.04165804201547,20.512866366179157,7.30647,6.609306126789,4.321094716951199,0.8160930612867342,14417279986593.709,11765788726200.834,1.00011014,14.418867905811434,11.767084610171139,3.82767,2026-09
2026-09-05,3.7917073818468006,1.7761139550522003,0.5851920463253589,34099362237441.293,19952393287778.875,0.9998597020833334,34.09457816795972,19.949594008568084,7.63835,6.783898805011799,4.444198107417,0.817838988067189,14352726467391.0,11737829030087.166,1.0001703725,14.355171777281065,11.739828833363594,4.09209,2026-09
2026-09-06,3.7153398554928003,1.6992518275350001,0.571615974701832,34722810029534.207,19849610790999.5,0.9998933541666667,34.71910698652293,19.84749391271535,7.49033,6.8778605109582,4.505231394106199,0.8187786051275995,14338411871356.459,11740063360074.125,1.0001618295833332,14.34073225057526,11.741963249635992,4.11586,2026-09
2026-09-07,3.7720440582804002,1.7555451238638002,0.5816967218304645,36387630258360.125,21170723389014.832,0.9999343941666666,36.385243017554,21.169334466064626,7.16907,6.4493682075306,4.204164570229801,0.8144936820951917,14721409163012.459,11991596140299.834,1.0001706679166666,14.723921635244707,11.993642721030607,3.98432,2026-09
2026-09-08,3.893529051711,1.8793531894032,0.6032940540055468,37325008652828.71,22516194957300.418,0.9999469354166667,37.323028016796634,22.51500014479676,7.1718,5.557511645595,3.5839099899809996,0.8052014140653356,15337312465523.291,12348632925454.459,1.0001870470833334,15.34018126508614,12.35094270122632,3.84419,2026-09
2026-09-09,3.9202776238481998,1.9069911019692,0.6080519605415622,37835370880859.75,23006290607374.207,0.99994745875,37.83338296317945,23.005081828107834,6.66567,5.6994936676038,3.6807488221805995,0.8069196625037383,15484206770213.541,12494687174948.5,1.0001938808333333,15.487208861125655,12.497109655310217,3.64449,2026-09
2026-09-10,3.9006995908391997,1.8866968456662,0.6045658864240965,38482381536167.664,23263817559141.625,0.99992337875,38.47943296799139,23.26203505636047,6.21377,5.6625621364404,3.654297822951,0.8066256213835388,15577692085490.375,12565390339227.666,1.0003240570833334,15.582740146952665,12.569462242971941,3.46806,2026-09
2026-09-11,3.8409748744392,1.8251055856962,0.5939510891202732,39211035774437.125,23289137011104.418,0.9999063308333334,39.207362909392,23.286955537048204,6.05957,6.0782932231002,3.9426851515302,0.8107829322518579,15546945709920.5,12605273045579.416,1.0007026116666666,15.557869175357322,12.614129657482758,3.41246,2026-09
2026-09-12,3.8162627234712,1.7999357584103999,0.5895578178364643,39594618729642.75,23343166838789.25,0.9998808866666667,39.589902482623806,23.340386356376527,5.97949,6.0339485338775996,3.9120916345866,0.8103394853550164,15591730341879.5,12634609577874.791,1.00065323125,15.601915347380391,12.64286289968261,3.3834,2026-09
2026-09-13,3.8293543316105993,1.8132434483309998,0.5918852148729967,39703175889629.875,23499597323061.5,0.99987043,39.69803154912985,23.496552480236353,5.87763,5.625648211957199,3.6287230857768,0.8062564821427776,15774425566269.709,12718278200126.291,1.0006575795833335,15.7847985064609,12.72664148020585,3.28785,2026-09
2026-09-14,3.861284963391,1.8460402117524002,0.5975617715664715,39551780182643.086,23633154764157.832,0.9998809245833332,39.54707053793792,23.63034063640714,6.12215,5.4585615632112,3.5132779067489994,0.8042508631257871,15991847237365.791,12860956619395.875,1.00066813625,16.00253197020954,12.86954949072297,4.63582,2026-09
2026-09-15,3.9339053004941995,1.9212804479142,0.6104720537837617,39092872044379.875,23864688920392.125,0.99992062875,39.089769194259624,23.86279475020165,5.77334,4.9636033651872,3.1427198048484,0.7913462420809685,16324260215287.584,12917239953184.416,1.00065009,16.334872453610938,12.92563732170558,4.24669,2026-09
2026-09-16,3.9743657765459997,1.9638672996042,0.6176650272891017,38778648959741.29,23952163515493.832,0.9998958704166667,38.77461095518288,23.94966938668703,5.9713,4.8906107963244,3.0539068092252,0.7805530308859718,16512885067168.166,12889237827513.791,1.00065767,16.52374509629029,12.897714692555812,4.36447,2026-09
2026-09-17,3.9668204014416,1.9559905718058002,0.6163236272764796,39245054221633.914,24188583853150.082,0.9998692579166667,39.239923241484455,24.18542138730424,6.08813,4.9183446712302,3.090813150483,0.7854834974791246,16619725801102.791,13053727411136.375,1.0005702433333334,16.6292030889427,13.061171212167727,4.45061,2026-09
2026-09-18,4.0649081989194,2.0610273932406002,0.6337614579306943,39641711907307.625,25123282538605.957,0.9998878008333333,39.63726414026638,25.12046372724119,6.77933,4.9046835175434005,3.0726513640188,0.7830548479770137,17455690435437.875,13669889769368.459,1.0004336679166668,17.463260408342993,13.675817961985805,4.75871,2026-09
2026-09-19,4.0717770544224,2.0684409850512,0.6349825878722603,40745771226450.75,25872218601839.5,0.9998824416666666,40.740981221494984,25.86917710694103,6.82159,5.0448477583908,3.212357039496,0.7957986080421158,17888841750316.293,14236750884249.959,1.0003869504166667,17.895763845085263,14.2422598009366,4.86315,2026-09
2026-09-20,4.0548032307864,2.0500085701692,0.6319650191466452,41649813292204.586,26321099790695.457,0.99990438375,41.64583089324438,26.318583065837593,7.0701,6.172073613603,4.0092511052556,0.8116880647344469,18242234536554.75,14806996445843.625,1.0006018466666666,18.253213564603126,14.8159079872979,5.01377,2026-09
2026-09-21,4.0403931194376,2.0346094860498,0.6294050120829731,42623772140546.914,26821877544374.332,0.9999239037500001,42.62052863132617,26.819836500075247,7.64838,5.546597148604801,3.5726188112388,0.80462984820016,18633628262211.043,14992352354306.959,1.0011690591666667,18.65541207613924,15.009879301256658,5.6557,2026-09
2026-09-22,3.9586379218739998,1.9474548761610002,0.6148680872576788,44621044227411.46,27431480217464.082,0.9999448833333333,44.61858486419046,27.42996828571276,7.26393,6.399610212798,4.1773636554282,0.8139961021501482,18659657254553.75,15189701594927.791,1.0015157220833333,18.687940109121907,15.212724961074466,5.44083,2026-09
2026-09-23,3.8747147402052,1.859830370937,0.5999492837489209,46513627230270.875,27903438558397.75,0.9999183466666667,46.5098292375621,27.901160149627994,6.72347,7.186049704036799,4.7256023239884,0.8218604970600354,19276870936167.043,15842653899430.459,1.0017948533333334,19.311470092223058,15.8710891395907,5.08516,2026-09
2026-09-24,3.8893577313798,1.8749810317931999,0.6026440697262453,46972136325927.96,28308111514923.168,0.9999199954166667,46.96837833973293,28.30584673625646,7.06926,6.2550466196652,4.066289091243,0.8122836923985192,19596538362707.293,15917672325401.541,1.0010132729166668,19.616395004290645,15.933801271665246,5.2651,2026-09
2026-09-25,3.9239084643120004,1.9110317083398003,0.6086994990852724,47794040584135.71,29086434442045.918,0.9999235341666667,47.79038597299408,29.084210323597613,7.96427,6.4371172901525995,4.1928472603638,0.8135576288504963,20101831015127.168,16353562999404.791,1.0009955270833333,20.121842932327315,16.369843414279696,5.9292,2026-09
2026-09-26,3.8274969068063998,1.8114803685954,0.5915555129662161,50212504285344.625,29701544218162.293,0.99992888375,50.208933360336744,29.69943195571829,7.56623,4.863081041595,2.9838220366895998,0.7661081912541294,21556963867490.332,16502767011058.084,1.0006673645833333,21.571350221699692,16.513780373288267,5.30158,2026-09
2026-09-27,3.790202045445,1.773926044137,0.5849545857706154,51290111005008.414,29995315246519.082,0.99991922125,51.28596785395407,29.99289226244761,7.92555,4.813705522566,2.9534797360476,0.7668809821325757,22359760006272.0,17147324278638.541,1.0003391766666667,22.367343915138395,17.153140250929624,5.7733,2026-09
2026-09-28,3.7538572778279997,1.7371917019313998,0.5784674709515957,52728024683005.836,30501428003223.582,0.9999456545833333,52.725159156534424,30.499770390409818,6.20511,4.8909996328392,3.0545451312408,0.7806221573319082,22651967811413.25,17682988827377.75,1.0000231662499999,22.652492572562558,17.68339847591767,4.65914,2026-09
2026-09-29,3.7853706784734,1.7688799908522,0.5840658800632182,53054290977571.914,30986477337581.832,0.9999894808333334,53.05373289064274,30.986151385662307,6.17994,4.91925128616,3.0919439840076004,0.7856446735136572,23233204915609.668,18252423884640.5,1.0001034754166667,23.235608981168813,18.25431256180714,4.47337,2026-09
2026-09-30,3.8129767566300004,1.7966665430982,0.5889743669346367,53567234546474.586,31549945791370.793,0.9999950612499999,53.56696999129497,31.549789974076013,6.18515,4.9987610362962,3.1751441735742,0.793856205327609,23935723871533.793,19000444381842.75,1.0001582150000001,23.939510862086127,19.003450537150623,4.39643,2026-09
2026-10-01,3.8669208515658,1.8518670758988003,0.5985652171322209,53575777132142.125,32068678971022.918,0.9999710391666667,53.5742255329899,32.06775023535602,6.24959,4.9061804664204,3.0745756624878,0.783320972160838,24591916348614.207,19262779218369.5,1.0001438604166666,24.59545415194675,19.26555036981401,4.31503,2026-10
2026-10-02,3.9082963320432,1.8945040910630397,0.6059193483234172,53691809844867.93,32532810542808.535,0.9999670193333333,53.690039053184705,32.531737589028296,6.406790688,4.89951898011648,3.06575612174016,0.782136707867086,24983839197980.8,19540525743047.066,1.0001402646666666,24.987343547857957,19.543266588376905,4.3610125248,2026-10
