category,risk,impact,likelihood,mitigation,trigger
3.1.2 Smart contract,Exploit that pauses withdrawals: the position cannot be unwound quickly,High,Low,"Modest size, event monitoring, Nexus Mutual cover, exit sized to the market",K6
3.1.2 Smart contract,Young protocol (live since March 2026),High,Low,"Five audits and a Sherlock contest with every critical and high finding fixed, formal verification, Asymptotic reviews every change, Hypernative monitoring, modest size",K6
3.2 Governance,"Admin capabilities in one governance object. SuperAdmin cannot be revoked, and some actions skip the one-day timelock",Medium,Low,"Event monitoring on admin actions, ask who holds SuperAdmin and how it is secured",K6
3.2 Governance,"Caller capabilities (flash loans, E-Mode entry) held by two single-key wallets",Low,Low,"Flash loans repay in the same transaction, admin can revoke",K6
3.1.5 Oracle,"Oracle: a thin USDSUI feed (minimum 2 publishers), and an admin reference price whose 5% band can change without a timelock",High,Low,"Prices more than 5% from the reference are rejected, at 3.5x a liquidation needs a 16% to 19% move, average price for valuation",K1
3.1.2 Smart contract,"Daily caps can be kept full by an attacker (Sherlock finding, acknowledged and not fixed), stretching the exit",Medium,Low,"Exit starts early on warnings, size kept modest",K3
3.4 Standards,USDSUI package upgrade held by a single Bridge key: an upgrade could freeze the USDSUI held in vault 2,Medium,Low,"Issuer watch, net USDSUI zero, exit on any unexplained USDSUI upgrade",K7
3.1.2 Smart contract,Vault health drifts down as interest accrues on the USDSUI debt,Low,High,Monthly rebalance back to 3.5x,K2
3.4 Standards,USDSUI or USDC depeg,Medium,Low,"Net USDSUI zero, vault liquidation needs a move of about 16% to 19%","K1, K2"
3.2.3 Tokenomics,SUI rewards are about 60% of gross yield,Medium,Medium,"Monthly test against 12%, rotate if it fails for two weeks",K4
3.7 Market,SUI price between claims,Low,High,"Claim daily, sell or hedge with a short SUI perpetual the same day, automate later",K5
3.7.2 Liquidity,USDSUI rate above the 80% kink,Medium,Medium,"The fund owes and holds equal USDSUI, so it pays only about a third of any spike",K3
3.7.2 Liquidity,Exit speed limited by shared daily withdrawal caps,Medium,Low,"Partial closes alternating between the two positions, swaps sized to fit a few $1M batches, exit cost provisioned as if every swap were made","K3, K9"
3.1.3 Blockchain,Sui chain halt or congestion,Medium,Low,"Size limit, monitoring",K6
3.3 Compliance,Bridge (USDSUI issuer) can freeze tokens,Low,Low,USDSUI held equals USDSUI owed,K6
3.5 Credit,"USDSUI unbacked mint: single-key minter, fake USDSUI posted on Current Finance to borrow the USDC the fund supplies",High,Low,"Bounded by the room under Current Finance's USDC borrow cap and its $2M daily borrow limit, Current Finance attack monitoring, supply-jump trigger",K7
3.4 Standards,"USDSUI reserves reported by the regulated issuer, not independently attested (rated C-, USDC A+)",Medium,Low,"USDSUI owed equals USDSUI held, so the fund never redeems it. Issuer watch",K7
