date,close,low
2025-08-23,0.30103,0.26026
2025-08-24,0.22963,0.205
2025-08-25,0.23614,0.21199
2025-08-26,0.277,0.22699
2025-08-27,0.28999,0.27018
2025-08-28,0.3141,0.28164
2025-08-29,0.29129,0.2754
2025-08-30,0.29019,0.27703
2025-08-31,0.32638,0.28599
2025-09-01,0.23339,0.20749
2025-09-02,0.22722,0.21576
2025-09-03,0.21735,0.20957
2025-09-04,0.18652,0.16131
2025-09-05,0.18112,0.17417
2025-09-06,0.21581,0.18018
2025-09-07,0.22494,0.21433
2025-09-08,0.21112,0.20178
2025-09-09,0.20074,0.1912
2025-09-10,0.20209,0.19556
2025-09-11,0.19996,0.18645
2025-09-12,0.20733,0.19502
2025-09-13,0.22558,0.20249
2025-09-14,0.21087,0.20581
2025-09-15,0.2167,0.20435
2025-09-16,0.22384,0.21382
2025-09-17,0.22069,0.20829
2025-09-18,0.22,0.21784
2025-09-19,0.2235,0.21346
2025-09-20,0.2249,0.21785
2025-09-21,0.24377,0.22428
2025-09-22,0.21204,0.20172
2025-09-23,0.19667,0.19268
2025-09-24,0.19755,0.19055
2025-09-25,0.19225,0.18207
2025-09-26,0.21028,0.18965
2025-09-27,0.2067,0.2026
2025-09-28,0.22066,0.20331
2025-09-29,0.20177,0.20037
2025-09-30,0.19628,0.19209
2025-10-01,0.20571,0.19419
2025-10-02,0.20851,0.20106
2025-10-03,0.20138,0.19847
2025-10-04,0.20074,0.1968
2025-10-05,0.19988,0.19687
2025-10-06,0.19944,0.19775
2025-10-07,0.18219,0.18029
2025-10-08,0.18626,0.17254
2025-10-09,0.17951,0.17268
2025-10-10,0.12461,0.060545
2025-10-11,0.12241,0.11859
2025-10-12,0.14109,0.11608
2025-10-13,0.15194,0.13626
2025-10-14,0.14406,0.1336
2025-10-15,0.13846,0.13596
2025-10-16,0.13541,0.1321
2025-10-17,0.1295,0.12152
2025-10-18,0.13045,0.12815
2025-10-19,0.13131,0.12721
2025-10-20,0.132,0.12857
2025-10-21,0.1259,0.12538
2025-10-22,0.12217,0.11902
2025-10-23,0.14189,0.12203
2025-10-24,0.13615,0.13459
2025-10-25,0.13764,0.13267
2025-10-26,0.15039,0.13674
2025-10-27,0.14748,0.14219
2025-10-28,0.13771,0.13378
2025-10-29,0.14458,0.13751
2025-10-30,0.13676,0.13236
2025-10-31,0.13706,0.13316
2025-11-01,0.13857,0.13493
2025-11-02,0.13496,0.13084
2025-11-03,0.11555,0.1078
2025-11-04,0.11346,0.10554
2025-11-05,0.12347,0.10676
2025-11-06,0.1148,0.11254
2025-11-07,0.12519,0.11245
2025-11-08,0.12447,0.12102
2025-11-09,0.1264,0.11936
2025-11-10,0.15426,0.12537
2025-11-11,0.14983,0.1463
2025-11-12,0.14424,0.13953
2025-11-13,0.14495,0.13998
2025-11-14,0.14271,0.13273
2025-11-15,0.1451,0.13691
2025-11-16,0.14099,0.13754
2025-11-17,0.13702,0.1314
2025-11-18,0.14049,0.13486
2025-11-19,0.13827,0.1296
2025-11-20,0.13144,0.12945
2025-11-21,0.14489,0.11369
2025-11-22,0.15224,0.1375
2025-11-23,0.15235,0.14636
2025-11-24,0.1536,0.1441
2025-11-25,0.16473,0.15317
2025-11-26,0.16487,0.15658
2025-11-27,0.16338,0.15748
2025-11-28,0.15976,0.15818
2025-11-29,0.1601,0.15766
2025-11-30,0.15908,0.15603
2025-12-01,0.15314,0.14241
2025-12-02,0.1604,0.15003
2025-12-03,0.16058,0.15635
2025-12-04,0.15318,0.15065
2025-12-05,0.15073,0.14825
2025-12-06,0.15092,0.14792
2025-12-07,0.14826,0.14318
2025-12-08,0.15074,0.14731
2025-12-09,0.15128,0.14775
2025-12-10,0.15299,0.15029
2025-12-11,0.1466,0.14337
2025-12-12,0.14283,0.14039
2025-12-13,0.1442,0.14216
2025-12-14,0.13619,0.13518
2025-12-15,0.13365,0.12983
2025-12-16,0.13506,0.13068
2025-12-17,0.12921,0.12766
2025-12-18,0.12572,0.12231
2025-12-19,0.13521,0.1239
2025-12-20,0.13423,0.13363
2025-12-21,0.1344,0.13114
2025-12-22,0.13454,0.1323
2025-12-23,0.13169,0.12943
2025-12-24,0.1326,0.12988
2025-12-25,0.13713,0.13239
2025-12-26,0.14637,0.13697
2025-12-27,0.14464,0.14064
2025-12-28,0.14448,0.14279
2025-12-29,0.142,0.1413
2025-12-30,0.14411,0.14056
2025-12-31,0.14342,0.14098
2026-01-01,0.14669,0.14345
2026-01-02,0.15455,0.14648
2026-01-03,0.17256,0.15007
2026-01-04,0.17079,0.1685
2026-01-05,0.17366,0.17003
2026-01-06,0.17519,0.16838
2026-01-07,0.16847,0.16526
2026-01-08,0.17121,0.16628
2026-01-09,0.16741,0.16332
2026-01-10,0.16669,0.16614
2026-01-11,0.166,0.16382
2026-01-12,0.16938,0.16147
2026-01-13,0.18015,0.16711
2026-01-14,0.17477,0.17459
2026-01-15,0.16859,0.16602
2026-01-16,0.16894,0.16417
2026-01-17,0.16854,0.16722
2026-01-18,0.16552,0.16537
2026-01-19,0.16535,0.15044
2026-01-20,0.16015,0.15744
2026-01-21,0.16862,0.16018
2026-01-22,0.16936,0.16822
2026-01-23,0.172,0.16659
2026-01-24,0.17848,0.17174
2026-01-25,0.16608,0.16047
2026-01-26,0.15931,0.15228
2026-01-27,0.16557,0.15557
2026-01-28,0.1644,0.1613
2026-01-29,0.15747,0.15282
2026-01-30,0.15393,0.14673
2026-01-31,0.13262,0.12389
2026-02-01,0.12971,0.1173
2026-02-02,0.13042,0.123
2026-02-03,0.13505,0.12516
2026-02-04,0.1332,0.12929
2026-02-05,0.111,0.11089
2026-02-06,0.10716,0.09402
2026-02-07,0.10142,0.099121
2026-02-08,0.10455,0.097569
2026-02-09,0.10885,0.10184
2026-02-10,0.1069,0.10539
2026-02-11,0.10231,0.098651
2026-02-12,0.10636,0.10216
2026-02-13,0.10425,0.099807
2026-02-14,0.10743,0.10239
2026-02-15,0.10119,0.09919
2026-02-16,0.10066,0.097993
2026-02-17,0.10812,0.099003
2026-02-18,0.11677,0.106
2026-02-19,0.11601,0.11572
2026-02-20,0.12109,0.11266
2026-02-21,0.1204,0.11853
2026-02-22,0.11446,0.11047
2026-02-23,0.10979,0.10747
2026-02-24,0.11145,0.10537
2026-02-25,0.11607,0.11106
2026-02-26,0.11564,0.11336
2026-02-27,0.11075,0.10967
2026-02-28,0.11264,0.10538
2026-03-01,0.10796,0.10594
2026-03-02,0.1069,0.10426
2026-03-03,0.10429,0.10318
2026-03-04,0.10684,0.10332
2026-03-05,0.10268,0.099821
2026-03-06,0.099816,0.098322
2026-03-07,0.096076,0.094809
2026-03-08,0.097321,0.093814
2026-03-09,0.10022,0.096684
2026-03-10,0.10218,0.099862
2026-03-11,0.10109,0.10016
2026-03-12,0.10085,0.099491
2026-03-13,0.104,0.10052
2026-03-14,0.10433,0.10278
2026-03-15,0.10423,0.10304
2026-03-16,0.10707,0.10381
2026-03-17,0.10212,0.10158
2026-03-18,0.097654,0.096935
2026-03-19,0.092482,0.091618
2026-03-20,0.093182,0.088461
2026-03-21,0.095714,0.092531
2026-03-22,0.096993,0.094283
2026-03-23,0.10382,0.09514
2026-03-24,0.10352,0.099891
2026-03-25,0.10206,0.10024
2026-03-26,0.098454,0.096529
2026-03-27,0.096978,0.096008
2026-03-28,0.097464,0.096062
2026-03-29,0.097756,0.096729
2026-03-30,0.098493,0.097503
2026-03-31,0.098929,0.097154
2026-04-01,0.099746,0.097885
2026-04-02,0.099928,0.097045
2026-04-03,0.0986,0.097119
2026-04-04,0.098308,0.097426
2026-04-05,0.098491,0.096594
2026-04-06,0.09807,0.097618
2026-04-07,0.10054,0.093807
2026-04-08,0.090263,0.08987
2026-04-09,0.088358,0.085902
2026-04-10,0.080652,0.079359
2026-04-11,0.079515,0.076728
2026-04-12,0.078358,0.07702
2026-04-13,0.081483,0.078184
2026-04-14,0.08061,0.07993
2026-04-15,0.080889,0.078184
2026-04-16,0.082188,0.079958
2026-04-17,0.08089,0.079958
2026-04-18,0.07887,0.078649
2026-04-19,0.077245,0.076635
2026-04-20,0.078245,0.076967
2026-04-21,0.078976,0.077835
2026-04-22,0.077896,0.077697
2026-04-23,0.077682,0.076269
2026-04-24,0.075228,0.074415
2026-04-25,0.074973,0.074533
2026-04-26,0.074954,0.07446
2026-04-27,0.072711,0.07171
2026-04-28,0.073682,0.072565
2026-04-29,0.063033,0.061556
2026-04-30,0.060706,0.058871
2026-05-01,0.054487,0.054202
2026-05-02,0.055481,0.051362
2026-05-03,0.05831,0.054652
2026-05-04,0.063583,0.05749
2026-05-05,0.065157,0.062376
2026-05-06,0.067109,0.064756
2026-05-07,0.074027,0.066317
2026-05-08,0.075212,0.07213
2026-05-09,0.069931,0.068572
2026-05-10,0.06882,0.066916
2026-05-11,0.066817,0.064944
2026-05-12,0.067094,0.065175
2026-05-13,0.067439,0.065499
2026-05-14,0.069013,0.067135
2026-05-15,0.065874,0.064962
2026-05-16,0.061091,0.0602
2026-05-17,0.060037,0.05824
2026-05-18,0.061971,0.059296
2026-05-19,0.059996,0.059564
2026-05-20,0.062605,0.05979
2026-05-21,0.062409,0.060985
2026-05-22,0.060203,0.058893
2026-05-23,0.06182,0.059024
2026-05-24,0.061332,0.059947
2026-05-25,0.061081,0.060229
2026-05-26,0.056785,0.052776
2026-05-27,0.058954,0.056057
2026-05-28,0.058325,0.057288
2026-05-29,0.058696,0.057492
2026-05-30,0.059094,0.058322
2026-05-31,0.059397,0.0582
2026-06-01,0.059076,0.05848
2026-06-02,0.059527,0.058022
2026-06-03,0.062615,0.058993
2026-06-04,0.060037,0.057565
2026-06-05,0.056596,0.053823
2026-06-06,0.055803,0.053923
2026-06-07,0.0572,0.054272
2026-06-08,0.057794,0.05491
2026-06-09,0.054691,0.054195
2026-06-10,0.058848,0.053925
2026-06-11,0.058511,0.057412
2026-06-12,0.057993,0.056731
2026-06-13,0.058874,0.057722
2026-06-14,0.059816,0.057617
2026-06-15,0.059926,0.05948
2026-06-16,0.059996,0.059204
2026-06-17,0.062759,0.059864
2026-06-18,0.059497,0.058455
2026-06-19,0.059012,0.057344
2026-06-20,0.057948,0.057504
2026-06-21,0.05956,0.057889
2026-06-22,0.058869,0.057961
2026-06-23,0.059478,0.056591
2026-06-24,0.057485,0.055916
2026-06-25,0.058257,0.057389
2026-06-26,0.057873,0.056605
2026-06-27,0.057581,0.056867
2026-06-28,0.057932,0.0573
2026-06-29,0.059373,0.057353
2026-06-30,0.057766,0.056667
2026-07-01,0.057373,0.057306
2026-07-02,0.058248,0.057004
2026-07-03,0.05685,0.056
2026-07-04,0.057724,0.05542
2026-07-05,0.058946,0.0566
2026-07-06,0.058119,0.057169
2026-07-07,0.058252,0.0576
2026-07-08,0.058558,0.057366
2026-07-09,0.058251,0.057733
2026-07-10,0.058142,0.057654
2026-07-11,0.058211,0.057748
2026-07-12,0.05756,0.056861
2026-07-13,0.05767,0.056831
2026-07-14,0.057342,0.057329
2026-07-15,0.057417,0.056125
2026-07-16,0.057579,0.057158
2026-07-17,0.057166,0.056804
2026-07-18,0.056973,0.056862
2026-07-19,0.057666,0.056694
2026-07-20,0.056921,0.056521
2026-07-21,0.056947,0.055918
2026-07-22,0.056124,0.054034
2026-07-23,0.057629,0.051189
2026-07-24,0.057329,0.056093
2026-07-25,0.056147,0.055673
2026-07-26,0.055294,0.054776
2026-07-27,0.054632,0.053843
2026-07-28,0.054647,0.054465
2026-07-29,0.055719,0.053641
2026-07-30,0.054946,0.054665
2026-07-31,0.05481,0.054135
2026-08-01,0.055152,0.053742
2026-08-02,0.055627,0.055086
2026-08-03,0.055282,0.054306
2026-08-04,0.054893,0.054111
2026-08-05,0.053469,0.052607
2026-08-06,0.052869,0.051544
2026-08-07,0.051938,0.051286
2026-08-08,0.051253,0.051033
2026-08-09,0.053127,0.050597
2026-08-10,0.054952,0.052539
2026-08-11,0.054933,0.054723
2026-08-12,0.054964,0.054481
2026-08-13,0.054988,0.054796
2026-08-14,0.055497,0.05347
2026-08-15,0.057066,0.055217
2026-08-16,0.059484,0.057016
2026-08-17,0.060634,0.059336
2026-08-18,0.06056,0.059555
2026-08-19,0.061415,0.059711
2026-08-20,0.059807,0.057752
2026-08-21,0.062551,0.059618
2026-08-22,0.058918,0.058215
2026-08-23,0.059044,0.056553
2026-08-24,0.057503,0.057094
2026-08-25,0.05784,0.0566
2026-08-26,0.058936,0.05735
2026-08-27,0.05931,0.057496
2026-08-28,0.057807,0.056541
2026-08-29,0.057552,0.05738
2026-08-30,0.055788,0.054942
2026-08-31,0.057354,0.055508
2026-09-01,0.057016,0.05643
2026-09-02,0.055988,0.055821
2026-09-03,0.057364,0.055428
2026-09-04,0.0562,0.056111
2026-09-05,0.057135,0.056141
2026-09-06,0.056794,0.055936
2026-09-07,0.056389,0.05587
2026-09-08,0.055979,0.055263
2026-09-09,0.056384,0.054803
2026-09-10,0.056074,0.055096
2026-09-11,0.05526,0.048065
2026-09-12,0.057203,0.053985
2026-09-13,0.056902,0.056269
2026-09-14,0.057743,0.056638
2026-09-15,0.057038,0.055988
2026-09-16,0.058016,0.056658
2026-09-17,0.058308,0.056473
2026-09-18,0.05904,0.057554
2026-09-19,0.058388,0.057803
2026-09-20,0.05808,0.057245
2026-09-21,0.057427,0.05648
2026-09-22,0.058466,0.056632
2026-09-23,0.054244,0.053304
2026-09-24,0.056501,0.054014
2026-09-25,0.057322,0.056002
2026-09-26,0.058546,0.056581
2026-09-27,0.058534,0.057419
2026-09-28,0.05702,0.055867
2026-09-29,0.0568,0.055927
