venue,kind,depth_2pct_usd,vol24h_usd,open_interest_usd,liquidity_usd
Binance,CEX spot,340711.04015061806,7024879.680000001,,
Bybit,CEX spot,51516.92547219565,2585914.0,,
XT.COM,CEX spot,505079.33099508594,2621909.0,,
Biconomy.com,CEX spot,7278.796923354656,1956780.0,,
Toobit,CEX spot,203940.87173978737,1860433.0,,
Kraken,CEX spot,94065.87470963466,1908532.0,,
WhiteBIT,CEX spot,36542.40026636315,1535324.0,,
Upbit,CEX spot,184546.24536416196,1393403.0,,
OrangeX,CEX spot,132733.34941727016,1363884.0,,
Phemex,CEX spot,16426.1332859752,1345489.0,,
OKX,CEX spot,134228.58082839503,1339040.74,,
Hotcoin,CEX spot,895240.2361388056,1285761.0,,
BloFin,CEX spot,194797.2279485808,1153217.0,,
LBank,CEX spot,313466.0230176311,1112711.0,,
Websea,CEX spot,94825.91951317286,1009303.0,,
GroveX,CEX spot,159005.1524953971,851338.0,,
Tapbit,CEX spot,20732.179685268107,776492.0,,
Zoomex,CEX spot,40950.12741697662,775774.0,,
BitKan,CEX spot,237467.89345855627,687148.0,,
Bitrue,CEX spot,232408.12267769294,774387.0,,
Gate,CEX spot,163851.6909992471,720167.0,,
Coinbase Exchange,CEX spot,148899.177991,590261.0,,
Hibt,CEX spot,11503.609253709732,482750.0,,
KCEX,CEX spot,113471.8326412893,413294.0,,
Ourbit,CEX spot,349509.2818666146,321474.0,,
CoinW,CEX spot,6084.183846275425,308684.0,,
BingX,CEX spot,176159.1682807738,268978.0,,
Bitunix,CEX spot,73438.39067731776,242005.0,,
CoinUp.io,CEX spot,1768.0312987946313,207889.0,,
Bitget,CEX spot,227728.1041316707,203301.0,,
Coinstore,CEX spot,28225.48024120861,178639.0,,
BigONE,CEX spot,503.69516295578984,135072.0,,
KuCoin,CEX spot,54366.81288484254,120043.0,,
BtcTurk | Kripto,CEX spot,17302.408284947625,132940.14,,
Bithumb,CEX spot,58879.83411342597,115958.0,,
BTCC,CEX spot,306946.24117079156,113911.0,,
MEXC,CEX spot,1080530.9725538925,134952.0,,
KoinBX,CEX spot,23.80576871274045,28751.0,,
Paribu,CEX spot,5541.649592113159,29815.43,,
LeveX,CEX spot,103370.64582784988,27116.0,,
Gemini,CEX spot,9824.683174179412,23435.0,,
Crypto.com Exchange,CEX spot,13478.984001725894,24932.88,,
Uniswap V4 (Ethereum),CEX spot,83656.29900521004,18101.13,,
Bitkub,CEX spot,46925.37729752781,18027.68,,
Aster,CEX spot,4604.212496808769,17714.29,,
Byreal,CEX spot,3226.150116633027,16892.21,,
SAFEbit,CEX spot,114980.98790974625,12248.99,,
Kanga Global,CEX spot,3224.070475469627,11058.22,,
BTSE,CEX spot,31043.980310484334,10096.38,,
Tothemoon,CEX spot,352.21907556573564,19701.9,,
WEEX,CEX spot,197043.81261996593,6375.98,,
Pionex,CEX spot,221825.47648596435,6286.73,,
XBO.com,CEX spot,93530.54326464375,5595.09,,
Raydium (CLMM),CEX spot,360.9871509915584,3445.62,,
Bitlo,CEX spot,13560.390466556077,2747.29,,
Webot,CEX spot,127230.46488588152,1689.8,,
PancakeSwap V3 (BSC),CEX spot,57062.10165436262,1227.9700000000003,,
Uniswap V3 (Ethereum),CEX spot,23229.647666350123,1146.17,,
Backpack Exchange ,CEX spot,6484.514108561703,411.99,,
Binance US,CEX spot,1609.0660921253343,325.63,,
CEX.IO,CEX spot,366085.048451626,162.32999999999998,,
Coinone,CEX spot,0.0,22.09,,
Uniswap V4 (BSC),CEX spot,20.957911338796052,1.68,,
Binance (futures),Perpetual,,17800000.0,135900000.0,
CoinW (futures),Perpetual,,7500000.0,57400000.0,
XT.COM (derivatives),Perpetual,,200000.0,27300000.0,
WhiteBIT (futures),Perpetual,,18600000.0,26500000.0,
Bybit (futures),Perpetual,,11900000.0,17700000.0,
MEXC (futures),Perpetual,,10500000.0,14000000.0,
Hyperliquid,Perpetual,,300000.0,10500000.0,
Other perps (58 contracts),Perpetual,,71000000.0,80000000.0,
"Ethereum DEXs (WLFI/ETH, USDT, USDC)",On-chain,,,,6700000.0
Solana Raydium WLFI/USDC (CLMM),On-chain,0.0,0.0,,55300000.0
